-- Adminer 4.8.1 MySQL 5.7.23-23 dump

SET NAMES utf8;
SET time_zone = '+00:00';
SET foreign_key_checks = 0;
SET sql_mode = 'NO_AUTO_VALUE_ON_ZERO';

DROP TABLE IF EXISTS `department`;
CREATE TABLE `department` (
  `department_id` smallint(6) NOT NULL AUTO_INCREMENT,
  `district` tinyint(1) NOT NULL,
  `department_name` varchar(200) NOT NULL,
  `department_address` varchar(200) NOT NULL,
  `pincode` varchar(6) NOT NULL,
  `mobile_number` varchar(10) NOT NULL,
  `landline_number` varchar(30) NOT NULL,
  `email` varchar(200) NOT NULL,
  `created_by` bigint(20) NOT NULL,
  `created_time` datetime NOT NULL,
  `updated_by` bigint(20) NOT NULL,
  `updated_time` datetime NOT NULL,
  `is_delete` tinyint(1) NOT NULL,
  PRIMARY KEY (`department_id`)
) ENGINE=InnoDB DEFAULT CHARSET=utf8;

INSERT INTO `department` (`department_id`, `district`, `department_name`, `department_address`, `pincode`, `mobile_number`, `landline_number`, `email`, `created_by`, `created_time`, `updated_by`, `updated_time`, `is_delete`) VALUES
(1,	1,	'Labour and Employment',	'Labour Department',	'396220',	'',	'',	'lelidaman@gmail.com',	1,	'2020-08-28 13:22:00',	1,	'2022-07-16 11:39:00',	0),
(2,	1,	'Collector Daman',	'',	'',	'',	'',	'',	1,	'2020-08-28 19:25:00',	1,	'0000-00-00 00:00:00',	0),
(3,	1,	'Sub Registrar Daman',	'',	'',	'',	'',	'',	1,	'2020-09-03 14:37:00',	1,	'0000-00-00 00:00:00',	0),
(4,	1,	'Excise Daman',	'',	'',	'',	'',	'',	1,	'2020-09-10 15:02:00',	1,	'2020-09-14 19:25:00',	0),
(5,	1,	'DIC Daman',	'',	'',	'',	'',	'',	1,	'2020-09-10 16:02:00',	1,	'0000-00-00 00:00:00',	0),
(6,	3,	'Collector DNH',	'',	'',	'',	'',	'',	1,	'2020-09-10 16:02:00',	1,	'0000-00-00 00:00:00',	0),
(7,	1,	'PCC Daman',	'',	'',	'',	'',	'',	1,	'2020-09-10 16:03:00',	1,	'0000-00-00 00:00:00',	0),
(8,	3,	'PCC DNH',	'',	'',	'',	'',	'',	1,	'2020-09-10 16:03:00',	1,	'0000-00-00 00:00:00',	0),
(9,	2,	'Sub Registrar Diu',	'',	'',	'',	'',	'',	1,	'2020-09-14 19:14:00',	1,	'0000-00-00 00:00:00',	0),
(10,	3,	'Sub Registrar DNH',	'',	'',	'',	'',	'',	1,	'2020-09-14 19:14:00',	1,	'0000-00-00 00:00:00',	0),
(11,	2,	'Collector Diu',	'',	'',	'',	'',	'',	1,	'2020-09-14 19:15:00',	1,	'0000-00-00 00:00:00',	0),
(13,	1,	'Fire Department Daman',	'',	'',	'',	'',	'',	1,	'2020-09-15 13:13:00',	0,	'0000-00-00 00:00:00',	0),
(14,	3,	'DIC DNH',	'',	'',	'',	'',	'',	1,	'2020-09-18 18:15:00',	1,	'0000-00-00 00:00:00',	0),
(15,	1,	'Transport Daman',	'',	'',	'',	'',	'',	1,	'2020-09-21 10:50:00',	0,	'0000-00-00 00:00:00',	0),
(16,	3,	'Municipal Council Silvassa',	'',	'',	'',	'',	'',	1,	'2020-09-21 10:56:00',	1,	'0000-00-00 00:00:00',	0),
(17,	1,	'Electricity Daman',	'',	'',	'',	'',	'',	1,	'2020-09-21 15:50:00',	0,	'0000-00-00 00:00:00',	0),
(18,	1,	'Weights and Measures Daman',	'',	'',	'',	'',	'',	1,	'2020-09-21 16:24:00',	1,	'2020-09-21 16:35:00',	0),
(19,	1,	'PWD Daman',	'',	'',	'',	'',	'',	1,	'2020-09-21 16:48:00',	1,	'0000-00-00 00:00:00',	0),
(20,	1,	'DIT Daman',	'',	'',	'',	'',	'',	1,	'2020-09-21 17:10:00',	0,	'0000-00-00 00:00:00',	0),
(21,	1,	'Mamlatdar Daman',	'',	'',	'',	'',	'',	1,	'2020-09-30 16:52:00',	1,	'0000-00-00 00:00:00',	0),
(22,	2,	'PWD Diu',	'',	'',	'',	'',	'',	1,	'2020-10-09 20:58:00',	1,	'0000-00-00 00:00:00',	0),
(23,	2,	'Mamlatdar Diu',	'',	'',	'',	'',	'',	1,	'2020-10-09 21:01:00',	1,	'0000-00-00 00:00:00',	0),
(24,	3,	'Mamlatdar DNH',	'',	'',	'',	'',	'',	1,	'2020-10-09 21:04:00',	1,	'0000-00-00 00:00:00',	0),
(25,	1,	'Court Daman',	'',	'',	'',	'',	'',	1,	'2020-10-09 21:08:00',	0,	'0000-00-00 00:00:00',	0),
(26,	1,	'GST Daman',	'',	'',	'',	'',	'',	1,	'2020-10-09 21:11:00',	1,	'0000-00-00 00:00:00',	0),
(27,	1,	'Health Daman',	'',	'',	'',	'',	'',	1,	'2020-10-09 21:16:00',	0,	'0000-00-00 00:00:00',	0),
(28,	1,	'OIDC Daman',	'',	'',	'',	'',	'',	1,	'2020-10-09 21:21:00',	0,	'0000-00-00 00:00:00',	0),
(29,	1,	'Municipal Council Daman',	'',	'',	'',	'',	'',	1,	'2020-10-10 13:31:00',	1,	'0000-00-00 00:00:00',	0),
(30,	2,	'Municipal Council Diu',	'',	'',	'',	'',	'',	1,	'2020-10-10 13:35:00',	1,	'0000-00-00 00:00:00',	0),
(31,	1,	'EOCS Daman',	'',	'',	'',	'',	'',	1,	'2020-10-10 13:41:00',	1,	'0000-00-00 00:00:00',	0),
(32,	2,	'EOCS Diu',	'',	'',	'',	'',	'',	1,	'2020-10-10 13:42:00',	1,	'0000-00-00 00:00:00',	0),
(33,	3,	'Survey and Settlement DNH',	'',	'',	'',	'',	'',	1,	'2020-10-10 13:42:00',	1,	'0000-00-00 00:00:00',	0),
(34,	1,	'Dist Panchayat Daman',	'',	'',	'',	'',	'',	1,	'2020-10-10 13:45:00',	1,	'0000-00-00 00:00:00',	0),
(35,	2,	'Dist Panchayat Diu',	'',	'',	'',	'',	'',	1,	'2020-10-10 13:45:00',	1,	'0000-00-00 00:00:00',	0),
(36,	3,	'Dist Panchayat DNH',	'',	'',	'',	'',	'',	1,	'2020-10-10 13:46:00',	1,	'0000-00-00 00:00:00',	0),
(37,	1,	'PDA Daman',	'',	'',	'',	'',	'',	1,	'2020-10-10 13:51:00',	1,	'0000-00-00 00:00:00',	0),
(38,	2,	'PDA Diu',	'',	'',	'',	'',	'',	1,	'2020-10-10 13:52:00',	1,	'0000-00-00 00:00:00',	0),
(39,	3,	'PDA DNH',	'',	'',	'',	'',	'',	1,	'2020-10-10 13:52:00',	1,	'0000-00-00 00:00:00',	0),
(40,	1,	'Tourism Daman',	'',	'',	'',	'',	'',	1,	'2020-10-10 13:54:00',	0,	'0000-00-00 00:00:00',	0),
(41,	3,	'GST DNH',	'',	'',	'',	'',	'',	1,	'2020-10-13 16:06:00',	1,	'0000-00-00 00:00:00',	0),
(42,	1,	'ARCS Daman',	'',	'',	'',	'',	'',	1,	'2020-11-25 18:34:00',	1,	'0000-00-00 00:00:00',	0),
(43,	2,	'ARCS Diu',	'',	'',	'',	'',	'',	1,	'2020-11-25 18:35:00',	1,	'0000-00-00 00:00:00',	0),
(44,	3,	'ARCS DNH',	'',	'',	'',	'',	'',	1,	'2020-11-25 18:36:00',	1,	'0000-00-00 00:00:00',	0),
(45,	1,	'Other',	'',	'',	'',	'',	'',	0,	'0000-00-00 00:00:00',	0,	'0000-00-00 00:00:00',	0),
(46,	2,	'Other',	'',	'',	'',	'',	'',	0,	'0000-00-00 00:00:00',	0,	'0000-00-00 00:00:00',	0),
(47,	3,	'Other',	'',	'',	'',	'',	'',	0,	'0000-00-00 00:00:00',	0,	'0000-00-00 00:00:00',	0),
(48,	1,	'Administrator Office',	'',	'',	'',	'',	'',	0,	'2022-07-20 14:49:41',	0,	'0000-00-00 00:00:00',	0),
(49,	1,	'NIC Daman',	'',	'',	'',	'',	'',	0,	'2022-07-20 16:21:58',	0,	'0000-00-00 00:00:00',	0),
(50,	2,	'Excise Diu',	'',	'',	'',	'',	'',	0,	'2022-07-22 15:59:31',	0,	'0000-00-00 00:00:00',	0),
(51,	3,	'Excise DNH',	'',	'',	'',	'',	'',	0,	'2022-07-22 16:00:39',	0,	'0000-00-00 00:00:00',	0),
(52,	2,	'Fisheries Department Daman',	'',	'',	'',	'',	'',	0,	'2022-07-25 15:33:37',	0,	'0000-00-00 00:00:00',	0);

DROP TABLE IF EXISTS `logs_email`;
CREATE TABLE `logs_email` (
  `email_log_id` int(11) NOT NULL AUTO_INCREMENT,
  `email` text NOT NULL,
  `email_type` tinyint(1) NOT NULL,
  `module_type` tinyint(4) NOT NULL,
  `module_id` int(11) NOT NULL,
  `status` varchar(100) NOT NULL,
  `message` text NOT NULL,
  `created_by` int(11) NOT NULL,
  `created_time` datetime NOT NULL,
  `is_delete` tinyint(1) NOT NULL,
  PRIMARY KEY (`email_log_id`)
) ENGINE=InnoDB DEFAULT CHARSET=utf8;

INSERT INTO `logs_email` (`email_log_id`, `email`, `email_type`, `module_type`, `module_id`, `status`, `message`, `created_by`, `created_time`, `is_delete`) VALUES
(1,	'v.a.solanki0000@gmail.com',	1,	0,	0,	'success',	'',	3,	'2022-07-20 14:49:42',	0),
(2,	'nitin.bamania@nic.in',	1,	0,	0,	'success',	'',	2,	'2022-07-20 16:21:59',	0),
(3,	'trustelphi@gmail.com',	1,	0,	0,	'success',	'',	3,	'2022-07-22 15:57:48',	0),
(4,	'trustelphi@gmail.com',	1,	0,	0,	'success',	'',	4,	'2022-07-22 15:59:32',	0),
(5,	'trustelphi@gmail.com',	1,	0,	0,	'success',	'',	5,	'2022-07-22 16:00:40',	0),
(6,	'mikhil.koshti1993@ddd.gov.in',	1,	0,	0,	'success',	'',	6,	'2022-07-22 16:42:17',	0),
(7,	'fish-diu-dd@nic.in',	1,	0,	0,	'success',	'',	7,	'2022-07-25 15:33:38',	0);

DROP TABLE IF EXISTS `sa_logs_change_password`;
CREATE TABLE `sa_logs_change_password` (
  `sa_logs_change_password_id` bigint(20) NOT NULL AUTO_INCREMENT,
  `sa_user_id` bigint(20) NOT NULL,
  `old_password` text NOT NULL,
  `new_password` text NOT NULL,
  `created_time` datetime NOT NULL,
  PRIMARY KEY (`sa_logs_change_password_id`)
) ENGINE=InnoDB DEFAULT CHARSET=utf8;

INSERT INTO `sa_logs_change_password` (`sa_logs_change_password_id`, `sa_user_id`, `old_password`, `new_password`, `created_time`) VALUES
(1,	2,	'a23992f54340ad7c5d9d77de8e011de4386262396234316337646233653763366633366336653263373433396361346633343365613062656662313433633966366130343635306564393765386464339e86456182a59e6d95e4',	'a3b71d1e35f8007cf62369fdbe7b8d423335646432353131653865643536303163616566373262613031316561373338363263313338653037346639353066633662366533613562353131336665383119ad3a335804709f99c2',	'2022-07-20 16:30:20'),
(2,	1,	'a3b95c823ebf97bcdc7fa5b9cadf140a3635613965663466613163623639643664393664343738393039663066663533386532656233363133303462643761626137643333353561383966336364303296b68b26e7b48da2ecc8',	'67540b70a5d66def297647c28b1f62783865353034363137666639323938636134613766633564653032333837346335656466373362646235663336653638653765633831343238623165623435616482d713ba49165e8e89c00880cbaf86',	'2022-08-26 14:57:09');

DROP TABLE IF EXISTS `sa_logs_login_details`;
CREATE TABLE `sa_logs_login_details` (
  `sa_logs_login_details_id` bigint(20) NOT NULL AUTO_INCREMENT,
  `sa_user_id` bigint(20) NOT NULL,
  `ip_address` varchar(20) NOT NULL,
  `login_timestamp` int(11) NOT NULL,
  `logout_timestamp` int(11) NOT NULL,
  `logs_data` text NOT NULL,
  `created_time` datetime NOT NULL,
  `updated_time` datetime NOT NULL,
  PRIMARY KEY (`sa_logs_login_details_id`)
) ENGINE=InnoDB DEFAULT CHARSET=utf8;

INSERT INTO `sa_logs_login_details` (`sa_logs_login_details_id`, `sa_user_id`, `ip_address`, `login_timestamp`, `logout_timestamp`, `logs_data`, `created_time`, `updated_time`) VALUES
(1,	1,	'103.251.59.173',	1658125417,	1658125470,	'{\"HTTP_USER_AGENT\":\"Mozilla\\/5.0 (Windows NT 10.0; Win64; x64) AppleWebKit\\/537.36 (KHTML, like Gecko) Chrome\\/103.0.0.0 Safari\\/537.36\",\"REMOTE_ADDR\":\"103.251.59.173\"}',	'2022-07-18 11:53:37',	'2022-07-18 11:54:30'),
(2,	1,	'103.251.59.173',	1658125476,	1658125489,	'{\"HTTP_USER_AGENT\":\"Mozilla\\/5.0 (Windows NT 10.0; Win64; x64) AppleWebKit\\/537.36 (KHTML, like Gecko) Chrome\\/103.0.0.0 Safari\\/537.36\",\"REMOTE_ADDR\":\"103.251.59.173\"}',	'2022-07-18 11:54:36',	'2022-07-18 11:54:49'),
(3,	1,	'164.100.212.187',	1658125494,	1658125709,	'{\"HTTP_USER_AGENT\":\"Mozilla\\/5.0 (Windows NT 10.0; Win64; x64) AppleWebKit\\/537.36 (KHTML, like Gecko) Chrome\\/103.0.0.0 Safari\\/537.36\",\"REMOTE_ADDR\":\"164.100.212.187\"}',	'2022-07-18 11:54:54',	'2022-07-18 11:58:29'),
(4,	1,	'103.251.59.173',	1658125496,	1658125721,	'{\"HTTP_USER_AGENT\":\"Mozilla\\/5.0 (Windows NT 10.0; Win64; x64) AppleWebKit\\/537.36 (KHTML, like Gecko) Chrome\\/103.0.0.0 Safari\\/537.36\",\"REMOTE_ADDR\":\"103.251.59.173\"}',	'2022-07-18 11:54:56',	'2022-07-18 11:58:41'),
(5,	2,	'164.100.212.187',	1658125735,	0,	'{\"HTTP_USER_AGENT\":\"Mozilla\\/5.0 (Windows NT 10.0; Win64; x64) AppleWebKit\\/537.36 (KHTML, like Gecko) Chrome\\/103.0.0.0 Safari\\/537.36\",\"REMOTE_ADDR\":\"164.100.212.187\"}',	'2022-07-18 11:58:55',	'0000-00-00 00:00:00'),
(6,	2,	'103.251.59.173',	1658125741,	0,	'{\"HTTP_USER_AGENT\":\"Mozilla\\/5.0 (Windows NT 10.0; Win64; x64) AppleWebKit\\/537.36 (KHTML, like Gecko) Chrome\\/103.0.0.0 Safari\\/537.36\",\"REMOTE_ADDR\":\"103.251.59.173\"}',	'2022-07-18 11:59:01',	'0000-00-00 00:00:00'),
(7,	1,	'117.254.198.177',	1658137880,	0,	'{\"HTTP_USER_AGENT\":\"Mozilla\\/5.0 (Windows NT 10.0) AppleWebKit\\/537.36 (KHTML, like Gecko) Chrome\\/103.0.0.0 Safari\\/537.36\",\"REMOTE_ADDR\":\"117.254.198.177\"}',	'2022-07-18 15:21:20',	'0000-00-00 00:00:00'),
(8,	2,	'103.251.59.120',	1658221522,	0,	'{\"HTTP_USER_AGENT\":\"Mozilla\\/5.0 (Windows NT 10.0; Win64; x64) AppleWebKit\\/537.36 (KHTML, like Gecko) Chrome\\/103.0.0.0 Safari\\/537.36\",\"REMOTE_ADDR\":\"103.251.59.120\"}',	'2022-07-19 14:35:22',	'0000-00-00 00:00:00'),
(9,	1,	'146.112.51.241',	1658291461,	1658291567,	'{\"HTTP_USER_AGENT\":\"Mozilla\\/5.0 (Windows NT 10.0; Win64; x64) AppleWebKit\\/537.36 (KHTML, like Gecko) Chrome\\/103.0.0.0 Safari\\/537.36\",\"REMOTE_ADDR\":\"146.112.51.241\"}',	'2022-07-20 10:01:01',	'2022-07-20 10:02:47'),
(10,	1,	'146.112.51.4',	1658291578,	1658293802,	'{\"HTTP_USER_AGENT\":\"Mozilla\\/5.0 (Windows NT 10.0; Win64; x64) AppleWebKit\\/537.36 (KHTML, like Gecko) Chrome\\/103.0.0.0 Safari\\/537.36\",\"REMOTE_ADDR\":\"146.112.51.4\"}',	'2022-07-20 10:02:58',	'2022-07-20 10:40:02'),
(11,	2,	'146.112.51.156',	1658293816,	0,	'{\"HTTP_USER_AGENT\":\"Mozilla\\/5.0 (Windows NT 10.0; Win64; x64) AppleWebKit\\/537.36 (KHTML, like Gecko) Chrome\\/103.0.0.0 Safari\\/537.36\",\"REMOTE_ADDR\":\"146.112.51.156\"}',	'2022-07-20 10:40:16',	'0000-00-00 00:00:00'),
(12,	2,	'150.107.232.138',	1658314348,	1658314759,	'{\"HTTP_USER_AGENT\":\"Mozilla\\/5.0 (Windows NT 10.0; Win64; x64) AppleWebKit\\/537.36 (KHTML, like Gecko) Chrome\\/103.0.0.0 Safari\\/537.36\",\"REMOTE_ADDR\":\"150.107.232.138\"}',	'2022-07-20 16:22:28',	'2022-07-20 16:29:19'),
(13,	1,	'150.107.232.138',	1658314764,	1658314769,	'{\"HTTP_USER_AGENT\":\"Mozilla\\/5.0 (Windows NT 10.0; Win64; x64) AppleWebKit\\/537.36 (KHTML, like Gecko) Chrome\\/103.0.0.0 Safari\\/537.36\",\"REMOTE_ADDR\":\"150.107.232.138\"}',	'2022-07-20 16:29:24',	'2022-07-20 16:29:29'),
(14,	2,	'150.107.232.138',	1658314780,	1658314799,	'{\"HTTP_USER_AGENT\":\"Mozilla\\/5.0 (Windows NT 10.0; Win64; x64) AppleWebKit\\/537.36 (KHTML, like Gecko) Chrome\\/103.0.0.0 Safari\\/537.36\",\"REMOTE_ADDR\":\"150.107.232.138\"}',	'2022-07-20 16:29:40',	'2022-07-20 16:29:59'),
(15,	2,	'150.107.232.138',	1658314809,	1658314822,	'{\"HTTP_USER_AGENT\":\"Mozilla\\/5.0 (Windows NT 10.0; Win64; x64) AppleWebKit\\/537.36 (KHTML, like Gecko) Chrome\\/103.0.0.0 Safari\\/537.36\",\"REMOTE_ADDR\":\"150.107.232.138\"}',	'2022-07-20 16:30:09',	'2022-07-20 16:30:22'),
(16,	2,	'150.107.232.138',	1658314828,	1658315071,	'{\"HTTP_USER_AGENT\":\"Mozilla\\/5.0 (Windows NT 10.0; Win64; x64) AppleWebKit\\/537.36 (KHTML, like Gecko) Chrome\\/103.0.0.0 Safari\\/537.36\",\"REMOTE_ADDR\":\"150.107.232.138\"}',	'2022-07-20 16:30:28',	'2022-07-20 16:34:31'),
(17,	2,	'150.107.232.138',	1658317844,	1658317849,	'{\"HTTP_USER_AGENT\":\"Mozilla\\/5.0 (Windows NT 10.0; Win64; x64) AppleWebKit\\/537.36 (KHTML, like Gecko) Chrome\\/103.0.0.0 Safari\\/537.36\",\"REMOTE_ADDR\":\"150.107.232.138\"}',	'2022-07-20 17:20:44',	'2022-07-20 17:20:49'),
(18,	2,	'146.112.51.114',	1658317851,	0,	'{\"HTTP_USER_AGENT\":\"Mozilla\\/5.0 (Windows NT 10.0; Win64; x64) AppleWebKit\\/537.36 (KHTML, like Gecko) Chrome\\/103.0.0.0 Safari\\/537.36\",\"REMOTE_ADDR\":\"146.112.51.114\"}',	'2022-07-20 17:20:51',	'0000-00-00 00:00:00'),
(19,	2,	'150.107.232.138',	1658317859,	1658317997,	'{\"HTTP_USER_AGENT\":\"Mozilla\\/5.0 (Windows NT 10.0; Win64; x64) AppleWebKit\\/537.36 (KHTML, like Gecko) Chrome\\/103.0.0.0 Safari\\/537.36\",\"REMOTE_ADDR\":\"150.107.232.138\"}',	'2022-07-20 17:20:59',	'2022-07-20 17:23:17'),
(20,	1,	'146.112.51.114',	1658323643,	1658327779,	'{\"HTTP_USER_AGENT\":\"Mozilla\\/5.0 (Windows NT 10.0; Win64; x64) AppleWebKit\\/537.36 (KHTML, like Gecko) Chrome\\/103.0.0.0 Safari\\/537.36\",\"REMOTE_ADDR\":\"146.112.51.114\"}',	'2022-07-20 18:57:23',	'2022-07-20 20:06:19'),
(21,	1,	'164.100.212.187',	1658472500,	1658476717,	'{\"HTTP_USER_AGENT\":\"Mozilla\\/5.0 (Windows NT 10.0; Win64; x64) AppleWebKit\\/537.36 (KHTML, like Gecko) Chrome\\/103.0.0.0 Safari\\/537.36\",\"REMOTE_ADDR\":\"164.100.212.187\"}',	'2022-07-22 12:18:20',	'2022-07-22 13:28:37'),
(22,	1,	'164.100.212.187',	1658484168,	1658484669,	'{\"HTTP_USER_AGENT\":\"Mozilla\\/5.0 (Windows NT 10.0; Win64; x64) AppleWebKit\\/537.36 (KHTML, like Gecko) Chrome\\/103.0.0.0 Safari\\/537.36\",\"REMOTE_ADDR\":\"164.100.212.187\"}',	'2022-07-22 15:32:48',	'2022-07-22 15:41:09'),
(23,	3,	'103.103.132.94',	1658485853,	1658490445,	'{\"HTTP_USER_AGENT\":\"Mozilla\\/5.0 (Windows NT 10.0; Win64; x64) AppleWebKit\\/537.36 (KHTML, like Gecko) Chrome\\/103.0.0.0 Safari\\/537.36\",\"REMOTE_ADDR\":\"103.103.132.94\"}',	'2022-07-22 16:00:53',	'2022-07-22 17:17:25'),
(24,	1,	'164.100.212.187',	1658485957,	1658488200,	'{\"HTTP_USER_AGENT\":\"Mozilla\\/5.0 (Windows NT 10.0; Win64; x64) AppleWebKit\\/537.36 (KHTML, like Gecko) Chrome\\/103.0.0.0 Safari\\/537.36\",\"REMOTE_ADDR\":\"164.100.212.187\"}',	'2022-07-22 16:02:37',	'2022-07-22 16:40:00'),
(25,	6,	'164.100.212.187',	1658488357,	1658489574,	'{\"HTTP_USER_AGENT\":\"Mozilla\\/5.0 (Windows NT 10.0; Win64; x64) AppleWebKit\\/537.36 (KHTML, like Gecko) Chrome\\/103.0.0.0 Safari\\/537.36\",\"REMOTE_ADDR\":\"164.100.212.187\"}',	'2022-07-22 16:42:37',	'2022-07-22 17:02:54'),
(26,	1,	'164.100.212.187',	1658489579,	1658489926,	'{\"HTTP_USER_AGENT\":\"Mozilla\\/5.0 (Windows NT 10.0; Win64; x64) AppleWebKit\\/537.36 (KHTML, like Gecko) Chrome\\/103.0.0.0 Safari\\/537.36\",\"REMOTE_ADDR\":\"164.100.212.187\"}',	'2022-07-22 17:02:59',	'2022-07-22 17:08:46'),
(27,	1,	'164.100.212.187',	1658490036,	0,	'{\"HTTP_USER_AGENT\":\"Mozilla\\/5.0 (Windows NT 10.0; Win64; x64) AppleWebKit\\/537.36 (KHTML, like Gecko) Chrome\\/103.0.0.0 Safari\\/537.36\",\"REMOTE_ADDR\":\"164.100.212.187\"}',	'2022-07-22 17:10:36',	'0000-00-00 00:00:00'),
(28,	1,	'117.254.198.177',	1658494752,	1658495211,	'{\"HTTP_USER_AGENT\":\"Mozilla\\/5.0 (Windows NT 10.0) AppleWebKit\\/537.36 (KHTML, like Gecko) Chrome\\/103.0.0.0 Safari\\/537.36\",\"REMOTE_ADDR\":\"117.254.198.177\"}',	'2022-07-22 18:29:12',	'2022-07-22 18:36:51'),
(29,	3,	'103.103.132.94',	1658551756,	1658555886,	'{\"HTTP_USER_AGENT\":\"Mozilla\\/5.0 (Windows NT 10.0; Win64; x64) AppleWebKit\\/537.36 (KHTML, like Gecko) Chrome\\/103.0.0.0 Safari\\/537.36\",\"REMOTE_ADDR\":\"103.103.132.94\"}',	'2022-07-23 10:19:16',	'2022-07-23 11:28:06'),
(30,	3,	'103.103.132.94',	1658568289,	1658569716,	'{\"HTTP_USER_AGENT\":\"Mozilla\\/5.0 (Windows NT 10.0; Win64; x64) AppleWebKit\\/537.36 (KHTML, like Gecko) Chrome\\/103.0.0.0 Safari\\/537.36\",\"REMOTE_ADDR\":\"103.103.132.94\"}',	'2022-07-23 14:54:49',	'2022-07-23 15:18:36'),
(31,	3,	'103.103.132.94',	1658730431,	1658741339,	'{\"HTTP_USER_AGENT\":\"Mozilla\\/5.0 (Windows NT 10.0; Win64; x64) AppleWebKit\\/537.36 (KHTML, like Gecko) Chrome\\/103.0.0.0 Safari\\/537.36\",\"REMOTE_ADDR\":\"103.103.132.94\"}',	'2022-07-25 11:57:11',	'2022-07-25 14:58:59'),
(32,	1,	'164.100.212.187',	1658743334,	1658743345,	'{\"HTTP_USER_AGENT\":\"Mozilla\\/5.0 (Windows NT 10.0; Win64; x64) AppleWebKit\\/537.36 (KHTML, like Gecko) Chrome\\/103.0.0.0 Safari\\/537.36\",\"REMOTE_ADDR\":\"164.100.212.187\"}',	'2022-07-25 15:32:14',	'2022-07-25 15:32:25'),
(33,	7,	'59.95.249.43',	1658743696,	0,	'{\"HTTP_USER_AGENT\":\"Mozilla\\/5.0 (Windows NT 10.0; Win64; x64) AppleWebKit\\/537.36 (KHTML, like Gecko) Chrome\\/103.0.0.0 Safari\\/537.36\",\"REMOTE_ADDR\":\"59.95.249.43\"}',	'2022-07-25 15:38:16',	'0000-00-00 00:00:00'),
(34,	1,	'164.100.212.187',	1658744041,	1658744790,	'{\"HTTP_USER_AGENT\":\"Mozilla\\/5.0 (Windows NT 10.0; Win64; x64) AppleWebKit\\/537.36 (KHTML, like Gecko) Chrome\\/103.0.0.0 Safari\\/537.36\",\"REMOTE_ADDR\":\"164.100.212.187\"}',	'2022-07-25 15:44:01',	'2022-07-25 15:56:30'),
(35,	7,	'59.95.249.43',	1658744353,	0,	'{\"HTTP_USER_AGENT\":\"Mozilla\\/5.0 (Windows NT 10.0; WOW64) AppleWebKit\\/537.36 (KHTML, like Gecko) Chrome\\/103.0.0.0 Safari\\/537.36\",\"REMOTE_ADDR\":\"59.95.249.43\"}',	'2022-07-25 15:49:13',	'0000-00-00 00:00:00'),
(36,	1,	'164.100.212.187',	1658751921,	1658751955,	'{\"HTTP_USER_AGENT\":\"Mozilla\\/5.0 (Windows NT 10.0; Win64; x64) AppleWebKit\\/537.36 (KHTML, like Gecko) Chrome\\/103.0.0.0 Safari\\/537.36\",\"REMOTE_ADDR\":\"164.100.212.187\"}',	'2022-07-25 17:55:21',	'2022-07-25 17:55:55'),
(37,	7,	'117.223.71.70',	1658812787,	0,	'{\"HTTP_USER_AGENT\":\"Mozilla\\/5.0 (Windows NT 10.0; Win64; x64) AppleWebKit\\/537.36 (KHTML, like Gecko) Chrome\\/103.0.0.0 Safari\\/537.36\",\"REMOTE_ADDR\":\"117.223.71.70\"}',	'2022-07-26 10:49:47',	'0000-00-00 00:00:00'),
(38,	1,	'150.107.232.148',	1658814257,	1658814297,	'{\"HTTP_USER_AGENT\":\"Mozilla\\/5.0 (Windows NT 10.0; Win64; x64) AppleWebKit\\/537.36 (KHTML, like Gecko) Chrome\\/103.0.0.0 Safari\\/537.36\",\"REMOTE_ADDR\":\"150.107.232.148\"}',	'2022-07-26 11:14:17',	'2022-07-26 11:14:57'),
(39,	1,	'164.100.212.187',	1659069147,	0,	'{\"HTTP_USER_AGENT\":\"Mozilla\\/5.0 (Windows NT 10.0; Win64; x64) AppleWebKit\\/537.36 (KHTML, like Gecko) Chrome\\/103.0.0.0 Safari\\/537.36\",\"REMOTE_ADDR\":\"164.100.212.187\"}',	'2022-07-29 10:02:27',	'0000-00-00 00:00:00'),
(40,	1,	'150.107.232.115',	1659088450,	0,	'{\"HTTP_USER_AGENT\":\"Mozilla\\/5.0 (Windows NT 10.0; Win64; x64) AppleWebKit\\/537.36 (KHTML, like Gecko) Chrome\\/103.0.0.0 Safari\\/537.36\",\"REMOTE_ADDR\":\"150.107.232.115\"}',	'2022-07-29 15:24:10',	'0000-00-00 00:00:00'),
(41,	7,	'117.223.67.225',	1659334480,	1659334537,	'{\"HTTP_USER_AGENT\":\"Mozilla\\/5.0 (Windows NT 6.1; Win64; x64) AppleWebKit\\/537.36 (KHTML, like Gecko) Chrome\\/103.0.0.0 Safari\\/537.36\",\"REMOTE_ADDR\":\"117.223.67.225\"}',	'2022-08-01 11:44:40',	'2022-08-01 11:45:37'),
(42,	1,	'150.107.232.255',	1659444484,	0,	'{\"HTTP_USER_AGENT\":\"Mozilla\\/5.0 (Windows NT 10.0; Win64; x64) AppleWebKit\\/537.36 (KHTML, like Gecko) Chrome\\/103.0.0.0 Safari\\/537.36\",\"REMOTE_ADDR\":\"150.107.232.255\"}',	'2022-08-02 18:18:04',	'0000-00-00 00:00:00'),
(43,	3,	'103.103.133.118',	1659676658,	1659678958,	'{\"HTTP_USER_AGENT\":\"Mozilla\\/5.0 (Windows NT 10.0; Win64; x64) AppleWebKit\\/537.36 (KHTML, like Gecko) Chrome\\/103.0.0.0 Safari\\/537.36\",\"REMOTE_ADDR\":\"103.103.133.118\"}',	'2022-08-05 10:47:38',	'2022-08-05 11:25:58'),
(44,	1,	'103.251.59.231',	1659685786,	1659685849,	'{\"HTTP_USER_AGENT\":\"Mozilla\\/5.0 (Windows NT 10.0; Win64; x64) AppleWebKit\\/537.36 (KHTML, like Gecko) Chrome\\/103.0.0.0 Safari\\/537.36\",\"REMOTE_ADDR\":\"103.251.59.231\"}',	'2022-08-05 13:19:46',	'2022-08-05 13:20:49'),
(45,	1,	'103.251.59.231',	1659685891,	0,	'{\"HTTP_USER_AGENT\":\"Mozilla\\/5.0 (Windows NT 10.0; Win64; x64) AppleWebKit\\/537.36 (KHTML, like Gecko) Chrome\\/103.0.0.0 Safari\\/537.36\",\"REMOTE_ADDR\":\"103.251.59.231\"}',	'2022-08-05 13:21:31',	'0000-00-00 00:00:00'),
(46,	1,	'1.38.164.82',	1661506018,	1661506030,	'{\"HTTP_USER_AGENT\":\"Mozilla\\/5.0 (Windows NT 10.0; Win64; x64) AppleWebKit\\/537.36 (KHTML, like Gecko) Chrome\\/104.0.0.0 Safari\\/537.36\",\"REMOTE_ADDR\":\"1.38.164.82\"}',	'2022-08-26 14:56:58',	'2022-08-26 14:57:10'),
(47,	1,	'103.251.59.66',	1661840243,	1661840269,	'{\"HTTP_USER_AGENT\":\"Mozilla\\/5.0 (Windows NT 10.0; Win64; x64) AppleWebKit\\/537.36 (KHTML, like Gecko) Chrome\\/104.0.0.0 Safari\\/537.36\",\"REMOTE_ADDR\":\"103.251.59.66\"}',	'2022-08-30 11:47:23',	'2022-08-30 11:47:49'),
(48,	1,	'164.100.203.42',	1661840439,	0,	'{\"HTTP_USER_AGENT\":\"Mozilla\\/5.0 (Windows NT 10.0; Win64; x64) AppleWebKit\\/537.36 (KHTML, like Gecko) Chrome\\/104.0.0.0 Safari\\/537.36\",\"REMOTE_ADDR\":\"164.100.203.42\"}',	'2022-08-30 11:50:39',	'0000-00-00 00:00:00'),
(49,	1,	'164.100.212.187',	1661864784,	1661864863,	'{\"HTTP_USER_AGENT\":\"Mozilla\\/5.0 (Windows NT 10.0; Win64; x64) AppleWebKit\\/537.36 (KHTML, like Gecko) Chrome\\/104.0.0.0 Safari\\/537.36\",\"REMOTE_ADDR\":\"164.100.212.187\"}',	'2022-08-30 18:36:24',	'2022-08-30 18:37:43'),
(50,	1,	'164.100.212.187',	1662364516,	0,	'{\"HTTP_USER_AGENT\":\"Mozilla\\/5.0 (Windows NT 10.0; Win64; x64) AppleWebKit\\/537.36 (KHTML, like Gecko) Chrome\\/104.0.0.0 Safari\\/537.36\",\"REMOTE_ADDR\":\"164.100.212.187\"}',	'2022-09-05 13:25:16',	'0000-00-00 00:00:00'),
(51,	1,	'164.100.212.187',	1662623990,	1662624448,	'{\"HTTP_USER_AGENT\":\"Mozilla\\/5.0 (Windows NT 10.0; Win64; x64) AppleWebKit\\/537.36 (KHTML, like Gecko) Chrome\\/105.0.0.0 Safari\\/537.36\",\"REMOTE_ADDR\":\"164.100.212.187\"}',	'2022-09-08 13:29:50',	'2022-09-08 13:37:28'),
(52,	1,	'164.100.212.187',	1662700675,	1662701874,	'{\"HTTP_USER_AGENT\":\"Mozilla\\/5.0 (Windows NT 10.0; Win64; x64) AppleWebKit\\/537.36 (KHTML, like Gecko) Chrome\\/105.0.0.0 Safari\\/537.36\",\"REMOTE_ADDR\":\"164.100.212.187\"}',	'2022-09-09 10:47:55',	'2022-09-09 11:07:54'),
(53,	9,	'103.159.156.81',	1662702112,	0,	'{\"HTTP_USER_AGENT\":\"Mozilla\\/5.0 (Windows NT 10.0; Win64; x64) AppleWebKit\\/537.36 (KHTML, like Gecko) Chrome\\/105.0.0.0 Safari\\/537.36\",\"REMOTE_ADDR\":\"103.159.156.81\"}',	'2022-09-09 11:11:52',	'0000-00-00 00:00:00'),
(54,	10,	'103.159.156.81',	1662702147,	1662702438,	'{\"HTTP_USER_AGENT\":\"Mozilla\\/5.0 (Windows NT 10.0; Win64; x64) AppleWebKit\\/537.36 (KHTML, like Gecko) Chrome\\/104.0.0.0 Safari\\/537.36\",\"REMOTE_ADDR\":\"103.159.156.81\"}',	'2022-09-09 11:12:27',	'2022-09-09 11:17:18'),
(55,	10,	'103.159.156.81',	1662702482,	0,	'{\"HTTP_USER_AGENT\":\"Mozilla\\/5.0 (Windows NT 10.0; Win64; x64) AppleWebKit\\/537.36 (KHTML, like Gecko) Chrome\\/104.0.0.0 Safari\\/537.36\",\"REMOTE_ADDR\":\"103.159.156.81\"}',	'2022-09-09 11:18:02',	'0000-00-00 00:00:00'),
(56,	11,	'164.100.212.187',	1662702554,	0,	'{\"HTTP_USER_AGENT\":\"Mozilla\\/5.0 (Windows NT 10.0; Win64; x64) AppleWebKit\\/537.36 (KHTML, like Gecko) Chrome\\/105.0.0.0 Safari\\/537.36\",\"REMOTE_ADDR\":\"164.100.212.187\"}',	'2022-09-09 11:19:14',	'0000-00-00 00:00:00'),
(57,	8,	'164.100.212.187',	1662703413,	0,	'{\"HTTP_USER_AGENT\":\"Mozilla\\/5.0 (Windows NT 10.0; Win64; x64) AppleWebKit\\/537.36 (KHTML, like Gecko) Chrome\\/103.0.0.0 Safari\\/537.36\",\"REMOTE_ADDR\":\"164.100.212.187\"}',	'2022-09-09 11:33:33',	'0000-00-00 00:00:00'),
(58,	10,	'103.159.156.81',	1662718704,	1662726762,	'{\"HTTP_USER_AGENT\":\"Mozilla\\/5.0 (Windows NT 10.0; Win64; x64) AppleWebKit\\/537.36 (KHTML, like Gecko) Chrome\\/104.0.0.0 Safari\\/537.36\",\"REMOTE_ADDR\":\"103.159.156.81\"}',	'2022-09-09 15:48:24',	'2022-09-09 18:02:42'),
(59,	9,	'103.159.156.81',	1662718777,	1662718883,	'{\"HTTP_USER_AGENT\":\"Mozilla\\/5.0 (Windows NT 10.0; Win64; x64) AppleWebKit\\/537.36 (KHTML, like Gecko) Chrome\\/105.0.0.0 Safari\\/537.36\",\"REMOTE_ADDR\":\"103.159.156.81\"}',	'2022-09-09 15:49:37',	'2022-09-09 15:51:23'),
(60,	8,	'164.100.212.187',	1662718887,	1662726503,	'{\"HTTP_USER_AGENT\":\"Mozilla\\/5.0 (Windows NT 10.0; Win64; x64) AppleWebKit\\/537.36 (KHTML, like Gecko) Chrome\\/103.0.0.0 Safari\\/537.36\",\"REMOTE_ADDR\":\"164.100.212.187\"}',	'2022-09-09 15:51:27',	'2022-09-09 17:58:23'),
(61,	9,	'103.159.156.81',	1662718901,	0,	'{\"HTTP_USER_AGENT\":\"Mozilla\\/5.0 (Windows NT 10.0; Win64; x64) AppleWebKit\\/537.36 (KHTML, like Gecko) Chrome\\/105.0.0.0 Safari\\/537.36\",\"REMOTE_ADDR\":\"103.159.156.81\"}',	'2022-09-09 15:51:41',	'0000-00-00 00:00:00'),
(62,	11,	'103.159.156.81',	1662720128,	1662726932,	'{\"HTTP_USER_AGENT\":\"Mozilla\\/5.0 (Windows NT 10.0; Win64; x64) AppleWebKit\\/537.36 (KHTML, like Gecko) Chrome\\/105.0.0.0 Safari\\/537.36\",\"REMOTE_ADDR\":\"103.159.156.81\"}',	'2022-09-09 16:12:08',	'2022-09-09 18:05:32'),
(63,	8,	'164.100.212.187',	1662788509,	0,	'{\"HTTP_USER_AGENT\":\"Mozilla\\/5.0 (Windows NT 10.0; Win64; x64) AppleWebKit\\/537.36 (KHTML, like Gecko) Chrome\\/103.0.0.0 Safari\\/537.36\",\"REMOTE_ADDR\":\"164.100.212.187\"}',	'2022-09-10 11:11:49',	'0000-00-00 00:00:00');

DROP TABLE IF EXISTS `sa_users`;
CREATE TABLE `sa_users` (
  `sa_user_id` bigint(20) NOT NULL AUTO_INCREMENT,
  `name` varchar(200) NOT NULL,
  `mobile_number` varchar(10) NOT NULL,
  `email` varchar(200) NOT NULL,
  `username` varchar(200) NOT NULL,
  `password` varchar(200) NOT NULL,
  `user_type` tinyint(1) NOT NULL,
  `department_id` int(11) NOT NULL,
  `district` tinyint(1) NOT NULL,
  `status` tinyint(1) NOT NULL,
  `created_by` bigint(20) NOT NULL,
  `created_time` datetime NOT NULL,
  `updated_by` bigint(20) NOT NULL,
  `updated_time` datetime NOT NULL,
  `is_delete` tinyint(1) NOT NULL,
  PRIMARY KEY (`sa_user_id`)
) ENGINE=InnoDB DEFAULT CHARSET=utf8;

INSERT INTO `sa_users` (`sa_user_id`, `name`, `mobile_number`, `email`, `username`, `password`, `user_type`, `department_id`, `district`, `status`, `created_by`, `created_time`, `updated_by`, `updated_time`, `is_delete`) VALUES
(1,	'Admin',	'',	'',	'admin',	'67540b70a5d66def297647c28b1f62783865353034363137666639323938636134613766633564653032333837346335656466373362646235663336653638653765633831343238623165623435616482d713ba49165e8e89c00880cbaf86',	1,	0,	0,	0,	1,	'2020-03-25 17:20:00',	1,	'2022-08-26 14:57:09',	0),
(2,	'NIC Daman',	'9824567222',	'nitin.bamania@nic.in',	'nic.daman',	'a3b71d1e35f8007cf62369fdbe7b8d423335646432353131653865643536303163616566373262613031316561373338363263313338653037346639353066633662366533613562353131336665383119ad3a335804709f99c2',	2,	49,	1,	0,	0,	'2022-07-20 16:21:58',	2,	'2022-07-20 16:30:20',	0),
(3,	'Elphinstone Jesus Azevedo',	'7600438439',	'trustelphi@gmail.com',	'excise.daman',	'053487799e84c3eb62c3203c5a63bbd330646432323439356135396364366638386132336161303632323634306437303138346338373262616561343337663633336238613766323762633332643835997fa1f3ee3b7cc6e91244',	2,	4,	1,	0,	0,	'2022-07-22 15:57:48',	0,	'0000-00-00 00:00:00',	0),
(4,	'Elphinstone Jesus Azevedo',	'7600438439',	'trustelphi@gmail.com',	'excise.diu',	'df22e0677653f25ceee5c47496daa4a165393138393262653362363339633762353265633032336465356130623632343230303337376436363031643663633864366535616561383665316564393736a049a1a106fdaae814bba8',	2,	50,	2,	0,	0,	'2022-07-22 15:59:32',	0,	'0000-00-00 00:00:00',	0),
(5,	'Elphinstone Jesus Azevedo',	'7600438439',	'trustelphi@gmail.com',	'excise.dnh',	'0c6de827c886bb3f69d72abe189fbc3c663630386165666463656166373533316134616230386139333632353632346661636663303035633561396138363733363932366637633838373566616233342ebf0b866ff1b877473065',	2,	51,	3,	0,	0,	'2022-07-22 16:00:39',	0,	'0000-00-00 00:00:00',	0),
(6,	'Mikhil Koshti',	'7984985255',	'mikhil.koshti1993@ddd.gov.in',	'mikhil.koshti',	'ea88982fdc1620f4aa826cbf7dfeb0aa393237636634613539663132316233386331383633326463383130343163313635356164313438663561353264616330626564393466616265313262363764668cd2a651f1084409f97b',	2,	34,	1,	0,	0,	'2022-07-22 16:42:17',	0,	'0000-00-00 00:00:00',	0),
(7,	'Sukar Anjani',	'9824871515',	'fish-diu-dd@nic.in',	'fish-diu-dd',	'576d745a670ac2bd21d6829413f0cb1d653338636232343632356139356437323064363761363130616435383538356263393039653862373939306132303961663831303433393238636337643334640921009d269e04e16a',	2,	52,	2,	0,	0,	'2022-07-25 15:33:37',	0,	'0000-00-00 00:00:00',	0),
(8,	'Nikita Patel',	'',	'',	'nikita.patel',	'dcce6650d50d235a1753a7ca4678195965663030613365306232623437353365383161663639656132303533303330613237653836303238383835643764643735313163653864326665346234616562d903c9b9434772d6f2e4',	1,	0,	0,	0,	1,	'2022-09-09 11:06:16',	0,	'0000-00-00 00:00:00',	0),
(9,	'Suman Sharma',	'',	'',	'suman.sharma',	'b81ff8f74eb6a3f25ea44bf5ea2f7dfa6638303731323061346235303031353861333337613063366565356636363335396437623734393434633064616161363536346538373061356661643962646503d29f9da74b5b088989',	1,	0,	0,	0,	1,	'2022-09-09 11:06:54',	0,	'0000-00-00 00:00:00',	0),
(10,	'Smit Patel',	'',	'',	'smit.patel',	'464fc71244c766d31d76803a5b284e6a6232653035623362306230343762326133623764326261666338623265663166623236643936373464353634383736646363656134373532653231343564653280f4b3a0655fd219fe25',	1,	0,	0,	0,	1,	'2022-09-09 11:07:13',	0,	'0000-00-00 00:00:00',	0),
(11,	'Bhumit Patel',	'',	'',	'bhumit.patel',	'b09c3422e0e596ed521fe07efcd3d06c31383737323433623539336661633332393465653532393330663535396436393766373164663364633037303866613532616666666466643636623933333835106ebce94dcb9180e3e1',	1,	0,	0,	0,	1,	'2022-09-09 11:07:35',	0,	'0000-00-00 00:00:00',	0);

DROP TABLE IF EXISTS `sa_user_type`;
CREATE TABLE `sa_user_type` (
  `sa_user_type_id` int(11) NOT NULL AUTO_INCREMENT,
  `type` varchar(200) NOT NULL,
  `created_by` bigint(20) NOT NULL,
  `created_time` datetime NOT NULL,
  `updated_by` bigint(20) NOT NULL,
  `updated_time` datetime NOT NULL,
  `is_delete` tinyint(1) NOT NULL,
  PRIMARY KEY (`sa_user_type_id`)
) ENGINE=InnoDB DEFAULT CHARSET=utf8;

INSERT INTO `sa_user_type` (`sa_user_type_id`, `type`, `created_by`, `created_time`, `updated_by`, `updated_time`, `is_delete`) VALUES
(1,	'Admin',	1,	'2020-03-25 13:54:00',	1,	'2022-07-15 16:50:00',	0),
(2,	'Department User',	1,	'2022-07-15 20:56:00',	0,	'0000-00-00 00:00:00',	0);

DROP TABLE IF EXISTS `service`;
CREATE TABLE `service` (
  `service_id` int(11) NOT NULL AUTO_INCREMENT,
  `user_id` int(11) NOT NULL,
  `district` tinyint(1) NOT NULL,
  `department_id` int(11) NOT NULL,
  `service_name` varchar(200) NOT NULL,
  `designation` text NOT NULL,
  `first_app_for_gr` varchar(100) NOT NULL,
  `second_app_for_gr` varchar(100) NOT NULL,
  `declared_in` varchar(200) NOT NULL,
  `declared_in_remarks` varchar(200) NOT NULL,
  `delivery_type` tinyint(1) NOT NULL,
  `delivery_remarks` varchar(200) NOT NULL,
  `service_url` text NOT NULL,
  `days_as_per_cc` varchar(3) NOT NULL,
  `days_as_per_sss` varchar(3) NOT NULL,
  `ds_category` varchar(200) NOT NULL,
  `ds_other_category` varchar(200) NOT NULL,
  `is_delivery_fees` tinyint(1) NOT NULL,
  `delivery_fees_details` text NOT NULL,
  `total_delivery_fees` decimal(12,0) NOT NULL,
  `is_payment_to_applicant` tinyint(1) NOT NULL,
  `applicant_payment_type` tinyint(1) NOT NULL,
  `applicant_payment_details` text NOT NULL,
  `total_applicant_payment` decimal(12,0) NOT NULL,
  `cc_doc` varchar(100) NOT NULL,
  `process_flow_doc` varchar(100) NOT NULL,
  `remarks` varchar(200) NOT NULL,
  `status` tinyint(1) NOT NULL,
  `submitted_datetime` datetime NOT NULL,
  `created_by` int(11) NOT NULL,
  `created_time` datetime NOT NULL,
  `updated_by` int(11) NOT NULL,
  `updated_time` datetime NOT NULL,
  `is_delete` tinyint(1) NOT NULL,
  PRIMARY KEY (`service_id`)
) ENGINE=InnoDB DEFAULT CHARSET=utf8;

INSERT INTO `service` (`service_id`, `user_id`, `district`, `department_id`, `service_name`, `designation`, `first_app_for_gr`, `second_app_for_gr`, `declared_in`, `declared_in_remarks`, `delivery_type`, `delivery_remarks`, `service_url`, `days_as_per_cc`, `days_as_per_sss`, `ds_category`, `ds_other_category`, `is_delivery_fees`, `delivery_fees_details`, `total_delivery_fees`, `is_payment_to_applicant`, `applicant_payment_type`, `applicant_payment_details`, `total_applicant_payment`, `cc_doc`, `process_flow_doc`, `remarks`, `status`, `submitted_datetime`, `created_by`, `created_time`, `updated_by`, `updated_time`, `is_delete`) VALUES
(1,	2,	1,	49,	'Test Service Name',	'Labour Inspector',	'First Appellate Authority',	'First Appellate Authority',	'1,2,3,4',	'Test',	1,	'Test',	'',	'5',	'7',	'1',	'',	1,	'[{\"fee_description\":\"Test\",\"fee\":\"25\"}]',	25,	1,	2,	'[{\"payment_description\":\"Test\",\"payment\":\"500\"}]',	500,	'service_1_3225274741658221749.pdf',	'service_2_6686146621658125853.pdf',	'',	0,	'2022-07-20 16:29:14',	2,	'2022-07-18 12:00:45',	1,	'2022-07-22 17:03:43',	0),
(3,	3,	1,	4,	'Renewal of licenses',	'Assistant Commissioner of Excise, Daman.',	'Deputy Commissioner of Excise, Daman.',	'Commissioner of Excise, DNH & DD.',	'5',	'the Dadra & Nagar Haveli and Daman & Diu Excise Duty Act, 1964 and the Dadra & Nagar Haveli and Daman & Diu Excise Duty Rules, 1964',	3,	'Renewal of licenses',	'https://ddnexcise.gov.in/Home',	'30',	'30',	'1',	'',	2,	'',	0,	2,	0,	'',	0,	'service_1_1280452151658552437.pdf',	'service_2_1271183731658554328.pdf',	'',	0,	'0000-00-00 00:00:00',	3,	'2022-07-23 10:30:37',	3,	'2022-07-23 15:02:43',	0),
(4,	3,	1,	4,	'Brand Approval / Label Registration',	'Deputy Commissioner of Excise, Daman.',	'Commissioner of Excise, DNH & DD.',	'',	'5',	'the Dadra & Nagar Haveli and Daman & Diu Excise Duty Act, 1964 and the Dadra & Nagar Haveli and Daman & Diu Excise Duty Rules, 2020',	3,	'Brand Approval / Label Registration',	'https://ddnexcise.gov.in/Home',	'10',	'10',	'1',	'',	2,	'',	0,	2,	0,	'',	0,	'service_1_1994311511658554786.pdf',	'service_2_1898299411658554934.pdf',	'',	0,	'0000-00-00 00:00:00',	3,	'2022-07-23 11:09:46',	3,	'2022-07-23 15:02:52',	0),
(5,	3,	1,	4,	'Application for Occasional License',	'Assistant Commissioner of Excise, Daman.',	'Deputy Commissioner of Excise, Daman.',	'Commissioner of Excise, DNH & DD.',	'5',	'the Dadra & Nagar Haveli and Daman & Diu Excise Duty Act, 1964 and the Dadra & Nagar Haveli and Daman & Diu Excise Duty Rules, 2020',	3,	'Application for Occasional License',	'https://ddnexcise.gov.in/Home',	'07',	'07',	'1',	'',	2,	'',	0,	2,	0,	'',	0,	'service_1_2704916541658555707.pdf',	'service_2_6450274231658555715.pdf',	'',	0,	'0000-00-00 00:00:00',	3,	'2022-07-23 11:25:07',	3,	'2022-07-23 15:03:02',	0),
(6,	3,	1,	4,	'Import Permit (IMFL/Beer/Wine/Foreign Liquor/ Country Liquor) for Wholesale License',	'Excise Inspector (Station), Daman.',	'Assistant Commissioner of Excise, Daman.',	'Deputy Commissioner of Excise, Daman.',	'5',	'the Dadra & Nagar Haveli and Daman & Diu Excise Duty Act, 1964 and the Dadra & Nagar Haveli and Daman & Diu Excise Duty Rules, 2020',	3,	'Import Permit (IMFL/Beer/Wine/Foreign Liquor/ Country Liquor) for Wholesale License',	'https://ddnexcise.gov.in/Home',	'03',	'03',	'1',	'',	2,	'',	0,	2,	0,	'',	0,	'service_1_2068184751658568510.pdf',	'service_2_2989882571658568519.pdf',	'',	0,	'0000-00-00 00:00:00',	3,	'2022-07-23 14:58:30',	3,	'2022-07-23 15:03:12',	0),
(7,	3,	1,	4,	'Import Permit (Spirit) for Distillery/Industries',	'Excise Inspector, Daman.',	'Assistant Commissioner of Excise, Daman.',	'Deputy Commissioner of Excise, Daman.',	'5',	'the Dadra & Nagar Haveli and Daman & Diu Excise Duty Act, 1964 and the Dadra & Nagar Haveli and Daman & Diu Excise Duty Rules, 2020',	3,	'Import Permit (Spirit) for Distillery/Industries',	'https://ddnexcise.gov.in/Home',	'03',	'03',	'1',	'',	2,	'',	0,	2,	0,	'',	0,	'service_1_7427550491658568714.pdf',	'service_2_8160025211658568722.pdf',	'',	0,	'0000-00-00 00:00:00',	3,	'2022-07-23 15:01:54',	3,	'2022-07-23 15:03:19',	0),
(8,	3,	1,	4,	'Export Permit (IMFL/Country Liquor/Beer) for Distillery/Brewery',	'Excise Inspector, Daman.',	'Assistant Commissioner of Excise, Daman.',	'Deputy Commissioner of Excise, Daman.',	'5',	'the Dadra & Nagar Haveli and Daman & Diu Excise Duty Act, 1964 and the Dadra & Nagar Haveli and Daman & Diu Excise Duty Rules, 2020',	3,	'Export Permit (IMFL/Country Liquor/Beer) for Distillery/Brewery',	'https://ddnexcise.gov.in/Home',	'03',	'03',	'1',	'',	2,	'',	0,	2,	0,	'',	0,	'service_1_2984884891658568893.pdf',	'service_2_7987312851658568899.pdf',	'',	0,	'0000-00-00 00:00:00',	3,	'2022-07-23 15:04:53',	3,	'2022-07-23 15:05:28',	0),
(9,	3,	1,	4,	'Export Permit (Spirit) for Distillery',	'Excise Inspector, Daman.',	'Assistant Commissioner of Excise, Daman.',	'Deputy Commissioner of Excise, Daman.',	'5',	'the Dadra & Nagar Haveli and Daman & Diu Excise Duty Act, 1964 and the Dadra & Nagar Haveli and Daman & Diu Excise Duty Rules, 2020',	3,	'Export Permit (Spirit) for Distillery',	'https://ddnexcise.gov.in/Home',	'03',	'03',	'1',	'',	2,	'',	0,	2,	0,	'',	0,	'service_1_2995517991658569102.pdf',	'service_2_8391702111658569110.pdf',	'',	0,	'0000-00-00 00:00:00',	3,	'2022-07-23 15:08:22',	3,	'2022-07-23 15:08:49',	0),
(10,	3,	1,	4,	'Local Transport Permit (IMFL/Beer/Wine/Foreign Liquor/ Country Liquor) for Distillery/Brewery',	'Excise Inspector, Daman.',	'Assistant Commissioner of Excise, Daman.',	'Deputy Commissioner of Excise, Daman.',	'5',	'the Dadra & Nagar Haveli and Daman & Diu Excise Duty Act, 1964 and the Dadra & Nagar Haveli and Daman & Diu Excise Duty Rules, 2020',	3,	'Local Transport Permit (IMFL/Beer/Wine/Foreign Liquor/ Country Liquor) for Distillery/Brewery',	'https://ddnexcise.gov.in/Home',	'01',	'01',	'1',	'',	2,	'',	0,	2,	0,	'',	0,	'service_1_2978231101658569305.pdf',	'service_2_9857317191658569310.pdf',	'',	0,	'0000-00-00 00:00:00',	3,	'2022-07-23 15:11:45',	3,	'2022-07-23 15:12:06',	0),
(11,	3,	1,	4,	'Local Transport Permit (IMFL/Beer/Wine/Foreign Liquor/ Country Liquor) for Wholesale License',	'Excise Inspector, Daman.',	'Assistant Commissioner of Excise, Daman.',	'Deputy Commissioner of Excise, Daman.',	'5',	'the Dadra & Nagar Haveli and Daman & Diu Excise Duty Act, 1964 and the Dadra & Nagar Haveli and Daman & Diu Excise Duty Rules, 2020',	3,	'Local Transport Permit (IMFL/Beer/Wine/Foreign Liquor/ Country Liquor) for Wholesale License',	'https://ddnexcise.gov.in/Home',	'01',	'01',	'1',	'',	2,	'',	0,	2,	0,	'',	0,	'service_1_6091579541658569402.pdf',	'service_2_6309389331658569417.pdf',	'',	0,	'0000-00-00 00:00:00',	3,	'2022-07-23 15:13:22',	3,	'2022-07-23 15:14:09',	0),
(12,	1,	0,	0,	'',	'',	'',	'',	'',	'',	0,	'',	'',	'',	'',	'',	'',	0,	'',	0,	0,	0,	'',	0,	'',	'',	'',	0,	'0000-00-00 00:00:00',	1,	'2022-09-08 13:32:16',	0,	'0000-00-00 00:00:00',	0),
(13,	1,	1,	21,	'Application for Residence Certificate',	'Mamlatdar, Daman.',	'Deputy Collector (H.Q), Daman',	'Collector, Daman',	'1',	'',	1,	'OK',	'',	'',	'',	'1',	'',	2,	'',	0,	2,	0,	'',	0,	'service_1_9265250151662701660.jpg',	'service_2_2937426551662701664.jpg',	'Other Names Of Same Service :\r\n1. Providing Residence Certificate',	1,	'2022-09-09 13:19:26',	1,	'2022-09-09 11:04:20',	9,	'2022-09-09 13:19:26',	0),
(14,	9,	1,	21,	'Application for Domicile Certificate',	'Mamlatdar, Daman.',	'Deputy Collector (H.Q), Daman',	'Collector, Daman',	'1',	'',	1,	'OK',	'',	'',	'7',	'1',	'',	2,	'',	0,	2,	0,	'',	0,	'service_1_8584980411662704092.pdf',	'service_2_5629195111662704096.pdf',	'Other Names Of Same Service :\r\n1. Providing Domicile Certificate',	1,	'2022-09-09 11:58:31',	9,	'2022-09-09 11:44:52',	9,	'2022-09-09 11:58:31',	0),
(15,	8,	1,	7,	'Consent to Establish-Green Industries',	'Member Secretary, Pollution Control Board, DD & DNH',	'Chairman, PCC, DD & DNH',	'',	'1',	'',	1,	'OK',	'',	'',	'30',	'1',	'',	2,	'',	0,	2,	0,	'',	0,	'service_1_8628005441662704921.pdf',	'service_2_8893944701662704931.pdf',	'Issue:\r\n1.Annexure Document List Not Available',	1,	'2022-09-09 13:18:06',	8,	'2022-09-09 11:58:41',	8,	'2022-09-09 13:18:06',	0),
(16,	11,	1,	13,	'Issuance of Prov. NOC for Indus./High Rise/Com./Hotel/Bldg. and other Occup.',	'Station Fire Officer, Daman',	'Asst, Divisional Fire Officer, Daman',	'DIGP/Director of Fire & Emergency Services, Daman & Div',	'1',	'',	1,	'OK',	'',	'',	'30',	'1',	'',	2,	'',	0,	2,	0,	'',	0,	'service_1_3595793101662705205.pdf',	'service_2_2778949031662705210.pdf',	'Other Names of Same Service:\r\n1. Issuance of Provisional NOC for Industrial / High Rise/ Commercial/ Hotel/ Building and other Occupancies',	1,	'2022-09-09 12:38:31',	11,	'2022-09-09 12:03:25',	11,	'2022-09-09 12:38:31',	0),
(17,	10,	1,	19,	'Decision Regarding Permission on Cutting Road',	'Executive Engineer',	'Superintending Engineer, PWD',	'Secretary (PWD), DD',	'1',	'',	1,	'OK',	'',	'',	'30',	'1',	'',	2,	'',	0,	2,	0,	'',	0,	'service_1_6985539021662705210.pdf',	'service_2_2255914971662705216.pdf',	'',	1,	'2022-09-09 15:58:07',	10,	'2022-09-09 12:03:30',	10,	'2022-09-09 15:58:07',	0),
(18,	9,	1,	21,	'Application for Caste Certificate',	'Mamlatdar, Daman.',	'Deputy Collector (H.Q), Daman',	'Collector, Daman',	'1',	'',	1,	'OK',	'',	'',	'7',	'1',	'',	2,	'',	0,	2,	0,	'',	0,	'service_1_9117096361662705306.pdf',	'service_2_9015711041662705321.pdf',	'Other Names Of Same Service :\r\n1. Providing Caste Certificate',	1,	'2022-09-09 12:13:39',	9,	'2022-09-09 12:05:06',	9,	'2022-09-09 12:13:39',	0),
(19,	9,	1,	21,	'Application for Income Certificate',	'Mamlatdar, Daman.',	'Deputy Collector (H.Q), Daman',	'Collector, Daman',	'1',	'',	1,	'OK',	'',	'',	'7',	'1',	'',	2,	'',	0,	2,	0,	'',	0,	'service_1_6645030101662705939.pdf',	'service_2_5457162221662705942.pdf',	'Other Names Of Same Service :\r\n1. Providing Income Certificate',	1,	'2022-09-09 12:21:01',	9,	'2022-09-09 12:15:39',	9,	'2022-09-09 12:21:01',	0),
(20,	9,	1,	21,	'Application for OBC Certificate',	'Mamlatdar, Daman.',	'Deputy Collector (H.Q), Daman',	'Collector, Daman',	'1',	'',	1,	'OK',	'',	'',	'15',	'1',	'',	2,	'',	0,	2,	0,	'',	0,	'service_1_3888550081662706368.pdf',	'service_2_9271996391662706371.pdf',	'Other Names Of Same Service :\r\n1. Providing OBC Certificate',	1,	'2022-09-09 12:44:12',	9,	'2022-09-09 12:22:48',	9,	'2022-09-09 12:44:12',	0),
(21,	11,	1,	13,	'Fire Incident Reports/Certificates (For incidents of fire and Generating rep. for use of est./comp)',	'Station Fire Officer, Daman',	'Asst, Divisional Fire Officer, Daman',	'DIGP/Director of Fire & Emergency Services, Daman & Div',	'1',	'',	1,	'OK',	'',	'',	'15',	'1',	'',	2,	'',	0,	2,	0,	'',	0,	'service_1_2516896781662707605.pdf',	'service_2_7836842491662707609.pdf',	'Other Name of Same Service:\r\n1. Fire Incident Reports/Certificates (For reporting incidents of fire & Generating reports for use of establishments/ companies)',	1,	'2022-09-09 12:56:23',	11,	'2022-09-09 12:43:25',	11,	'2022-09-09 12:56:23',	0),
(22,	9,	1,	21,	'Record of Rights Form 1 and 14',	'Mamlatdar, Daman.',	'Deputy Collector (H.Q), Daman',	'Collector, Daman',	'1',	'',	1,	'OK',	'',	'',	'3',	'1',	'',	2,	'',	0,	2,	0,	'',	0,	'service_1_7438050611662709012.pdf',	'service_2_8399705801662709016.pdf',	'Other Names Of Same Service :\r\n1. Providing Record of Rights Form 1 and 14',	1,	'2022-09-09 13:09:11',	9,	'2022-09-09 13:06:52',	9,	'2022-09-09 13:09:11',	0),
(23,	9,	1,	21,	'Permanent Resident Certificate',	'Mamlatdar, Daman.',	'Deputy Collector (H.Q), Daman',	'Collector, Daman',	'1',	'',	1,	'OK',	'',	'',	'',	'1',	'',	2,	'',	0,	2,	0,	'',	0,	'service_1_8166468401662709311.pdf',	'service_2_6205136381662709314.pdf',	'Issue :\r\n1. Annexure Document List Not Available.',	1,	'2022-09-09 13:18:06',	9,	'2022-09-09 13:11:51',	9,	'2022-09-09 13:18:06',	0),
(24,	8,	1,	7,	'Consent to Establish-White Industries',	'Member Secretary, Pollution Control Board, DD & DNH',	'Chairman, PCC, DD & DNH',	'',	'1',	'',	1,	'OK',	'',	'',	'30',	'1',	'',	2,	'',	0,	2,	0,	'',	0,	'service_1_4265591911662709428.pdf',	'service_2_5333327691662709432.pdf',	'Issue:\r\n1.Annexure Document List Not Available',	1,	'2022-09-09 13:18:17',	8,	'2022-09-09 13:13:40',	8,	'2022-09-09 13:18:17',	0),
(25,	9,	1,	21,	'Mutation Entry',	'Mamlatdar, Daman.',	'Deputy Collector (H.Q), Daman',	'Collector, Daman',	'1',	'',	1,	'OK',	'',	'',	'',	'1',	'',	2,	'',	0,	2,	0,	'',	0,	'service_1_7076009941662709737.pdf',	'service_2_9046497251662709740.pdf',	'Issue :\r\n1. Annexure Document List Not Available.',	1,	'2022-09-09 13:19:58',	9,	'2022-09-09 13:18:57',	9,	'2022-09-09 13:19:58',	0),
(26,	8,	1,	7,	'Consent to Operate-Green Industries',	'Member Secretary, Pollution Control Board, DD & DNH',	'Chairman, PCC, DD & DNH',	'',	'1',	'',	1,	'OK',	'',	'',	'30',	'1',	'',	2,	'',	0,	2,	0,	'',	0,	'service_1_7992921981662709828.pdf',	'service_2_7977226471662709831.pdf',	'Issue:\r\n1. Annexure Document List Not Available',	1,	'2022-09-09 13:27:47',	8,	'2022-09-09 13:20:28',	8,	'2022-09-09 13:27:47',	0),
(27,	10,	0,	0,	'',	'',	'',	'',	'',	'',	0,	'',	'',	'',	'',	'',	'',	0,	'',	0,	0,	0,	'',	0,	'service_1_5473800271662710487.pdf',	'service_2_4539179051662710498.pdf',	'',	0,	'0000-00-00 00:00:00',	10,	'2022-09-09 13:31:27',	10,	'2022-09-09 13:31:38',	0),
(28,	8,	1,	7,	'Consent to Operate-White Industries',	'Member Secretary, Pollution Control Board, DD & DNH',	'Chairman, PCC, DD & DNH',	'',	'1',	'',	1,	'OK',	'',	'',	'30',	'1',	'',	2,	'',	0,	2,	0,	'',	0,	'service_1_6922311381662710501.pdf',	'service_2_4378629831662710504.pdf',	'Issue:\r\n1. Annexure Document List Not Available',	1,	'2022-09-09 13:33:29',	8,	'2022-09-09 13:31:41',	8,	'2022-09-09 13:33:29',	0),
(29,	8,	1,	7,	'Consent to Renew-Green Industries',	'Member Secretary, Pollution Control Board, DD & DNH',	'Chairman, PCC, DD & DNH',	'',	'1',	'',	1,	'OK',	'',	'',	'30',	'1',	'',	2,	'',	0,	2,	0,	'',	0,	'service_1_5648603831662710672.pdf',	'service_2_2736719971662710675.pdf',	'Issue:\r\n1. Annexure Document List Not Available',	1,	'2022-09-09 13:35:19',	8,	'2022-09-09 13:34:32',	8,	'2022-09-09 13:35:19',	0),
(30,	9,	1,	15,	'Learner License',	'Asst. Director,(Transport) Nani Daman.',	'Director(Transport), Daman',	'Development Commissioner, Daman',	'1',	'',	1,	'OK',	'',	'',	'',	'1',	'',	2,	'',	0,	2,	0,	'',	0,	'service_1_8815962531662710763.pdf',	'service_2_6885775591662710766.pdf',	'Issue :\r\n1. Annexure Document List Not Available.',	1,	'2022-09-09 13:36:13',	9,	'2022-09-09 13:36:03',	9,	'2022-09-09 13:36:13',	0),
(31,	9,	1,	15,	'Permanent Driving License',	'Asst. Director,(Transport) Nani Daman.',	'Director(Transport), Daman',	'Development Commissioner, Daman',	'1',	'',	1,	'OK',	'',	'',	'7',	'1',	'',	2,	'',	0,	2,	0,	'',	0,	'service_1_7222851811662710894.pdf',	'service_2_6317777451662710897.pdf',	'Other Names Of Same Service :\r\n1. Issue of Permanent Driving License',	1,	'2022-09-09 15:53:44',	9,	'2022-09-09 13:38:14',	9,	'2022-09-09 15:53:44',	0),
(32,	8,	1,	7,	'Consent to Renew-White Industries',	'Member Secretary, Pollution Control Board, DD & DNH',	'Chairman, PCC, DD & DNH',	'',	'1',	'',	1,	'OK',	'',	'',	'30',	'1',	'',	2,	'',	0,	2,	0,	'',	0,	'service_1_4662512011662710919.pdf',	'service_2_7837854941662710922.pdf',	'Issue:\r\n1. Annexure Document List Not Available',	1,	'2022-09-09 13:39:18',	8,	'2022-09-09 13:38:39',	8,	'2022-09-09 13:39:18',	0),
(33,	10,	1,	17,	'New Domestic Power connection',	'Asst. Engineer Sub-Div-1, Moti Daman / Asst. Engineer Sub-Div-3,4, Nani Daman',	'Executive Engineer',	'Secretary (Power)',	'1',	'',	1,	'OK',	'',	'',	'30',	'1',	'',	2,	'',	0,	2,	0,	'',	0,	'service_1_4688934441662718895.pdf',	'service_2_3713750221662718899.pdf',	'Other Name of Same Service:\r\n1. Providing Domestic Electric Connection',	1,	'2022-09-09 17:05:29',	10,	'2022-09-09 15:51:35',	10,	'2022-09-09 17:05:29',	0),
(34,	8,	1,	7,	'Consent to Establishment of Orange List Industries',	'Member Secretary, Pollution Control Board, DD & DNH',	'Chairman, PCC, DD & DNH',	'',	'1',	'',	1,	'OK',	'',	'',	'60',	'1',	'',	2,	'',	0,	2,	0,	'',	0,	'service_1_4491190141662719007.pdf',	'service_2_3949446161662719011.pdf',	'',	1,	'2022-09-09 16:29:59',	8,	'2022-09-09 15:53:27',	8,	'2022-09-09 16:29:59',	0),
(35,	9,	1,	15,	'Renewal of Driving License',	'Asst. Director,(Transport) Nani Daman.',	'Director(Transport), Daman',	'Development Commissioner, Daman',	'1',	'',	1,	'OK',	'',	'',	'7',	'1',	'',	2,	'',	0,	2,	0,	'',	0,	'service_1_6361064881662719154.pdf',	'service_2_4019190201662719156.pdf',	'Other Names Of Same Service :\r\n1. Issue of Renewal of Driving License',	1,	'2022-09-09 15:58:28',	9,	'2022-09-09 15:55:54',	9,	'2022-09-09 15:58:28',	0),
(36,	9,	1,	15,	'Issue of Duplicate Driving License.',	'Asst. Director,(Transport) Nani Daman.',	'Director(Transport), Daman',	'Development Commissioner, Daman',	'1',	'',	1,	'OK',	'',	'',	'3',	'1',	'',	2,	'',	0,	2,	0,	'',	0,	'service_1_9127334431662719520.pdf',	'service_2_3793566901662719522.pdf',	'',	1,	'2022-09-09 16:04:26',	9,	'2022-09-09 16:02:00',	9,	'2022-09-09 16:04:26',	0),
(37,	10,	1,	17,	'Request for Change of Name',	'Asst. Engineer Sub-Div-1, Moti Daman / Asst. Engineer Sub-Div-3,4, Nani Daman',	'Executive Engineer',	'Secretary (Power)',	'1',	'',	1,	'OK',	'',	'',	'7',	'1',	'',	2,	'',	0,	2,	0,	'',	0,	'service_1_9153509571662719605.pdf',	'service_2_3968398221662719611.pdf',	'Other Name of Same Service:\r\n1. Request for Change of Name in Domestic Connection',	1,	'2022-09-09 17:06:00',	10,	'2022-09-09 16:03:25',	10,	'2022-09-09 17:06:00',	0),
(38,	9,	1,	15,	'Registration of Motor Vehicle',	'Asst. Director,(Transport) Nani Daman.',	'Director(Transport), Daman',	'Development Commissioner, Daman',	'1',	'',	1,	'OK',	'',	'',	'10',	'1',	'',	2,	'',	0,	2,	0,	'',	0,	'service_1_5742639261662719779.pdf',	'service_2_9381552551662719782.pdf',	'Other Names Of Same Service :\r\n1. Registration of  Vehicle',	1,	'2022-09-09 16:41:29',	9,	'2022-09-09 16:06:19',	9,	'2022-09-09 16:41:29',	0),
(39,	10,	1,	17,	'Request for Meter Replacement or Transfer',	'Asst. Engineer Sub-Div-1, Moti Daman / Asst. Engineer Sub-Div-3,4, Nani Daman',	'Executive Engineer',	'Secretary (Power)',	'1',	'',	1,	'OK',	'',	'',	'7',	'1',	'',	2,	'',	0,	2,	0,	'',	0,	'service_1_7144735701662720256.pdf',	'service_2_6868687371662720260.pdf',	'Other Name of Same Service:\r\n1.Request for Meter Replacement in Domestic Connection',	1,	'2022-09-09 17:06:22',	10,	'2022-09-09 16:14:16',	10,	'2022-09-09 17:06:22',	0),
(40,	11,	1,	13,	'Issuance of final NOC for Industrial/High Rise/Commercial/Hotel/Building and other Occupancies',	'Station Fire Officer, Daman',	'Asst, Divisional Fire Officer, Daman',	'DIGP/Director of Fire & Emergency Services, Daman & Diu',	'1',	'',	1,	'OK',	'',	'',	'28',	'1',	'',	2,	'',	0,	2,	0,	'',	0,	'service_1_9394983971662720577.pdf',	'service_2_2811096151662720581.pdf',	'',	1,	'2022-09-09 16:24:00',	11,	'2022-09-09 16:19:37',	11,	'2022-09-09 16:24:00',	0),
(41,	10,	1,	17,	'Request for Testing of Meter',	'Asst. Engineer (MRT-Lab), Division Office, Nani Daman.',	'Executive Engineer',	'Secretary (Power)',	'1',	'',	1,	'OK',	'',	'',	'15',	'1',	'',	2,	'',	0,	2,	0,	'',	0,	'service_1_2978008311662720710.pdf',	'service_2_2681676061662720714.pdf',	'Other Name of Same Service:\r\n1. Request for Testing of Meter in Domestic Connection',	1,	'2022-09-09 17:06:32',	10,	'2022-09-09 16:21:50',	10,	'2022-09-09 17:06:32',	0),
(42,	11,	1,	13,	'Renewal of final NOC for Industrial/High Rise/Commercial/Hotel/Building and other Occupancies',	'Station Fire Officer, Daman',	'Asst, Divisional Fire Officer, Daman',	'DIGP/Director of Fire & Emergency Services, Daman & Div',	'1',	'',	1,	'OK',	'',	'',	'30',	'1',	'',	2,	'',	0,	2,	0,	'',	0,	'service_1_8978328531662721217.pdf',	'service_2_6694174761662721210.pdf',	'',	1,	'2022-09-09 16:35:59',	11,	'2022-09-09 16:30:10',	11,	'2022-09-09 16:35:59',	0),
(43,	10,	1,	17,	'Application for Consent to use DG set',	'Executive Engineer',	'Secretary (Power)',	'',	'1',	'',	1,	'OK',	'',	'',	'30',	'1',	'',	2,	'',	0,	2,	0,	'',	0,	'service_1_5774477421662721469.pdf',	'service_2_3861811351662721473.pdf',	'',	1,	'2022-09-09 16:38:10',	10,	'2022-09-09 16:34:29',	10,	'2022-09-09 16:38:10',	0),
(44,	8,	1,	7,	'Consent to Operate Orange List Industries',	'Member Secretary, Pollution Control Board, DD & DNH',	'Chairman, PCC, DD & DNH',	'',	'1',	'',	1,	'OK',	'',	'',	'75',	'1',	'',	2,	'',	0,	2,	0,	'',	0,	'service_1_8808017171662721831.pdf',	'service_2_9964930471662721835.pdf',	'',	1,	'2022-09-09 16:43:11',	8,	'2022-09-09 16:40:31',	8,	'2022-09-09 16:43:11',	0),
(45,	10,	1,	17,	'Application for Temporary Electric connection for Domestic',	'Asst. Engineer Sub-Div-1, Moti Daman / Asst. Engineer, Sub Div-2,3,4 Nani Daman',	'Executive Engineer',	'Secretary (Power)',	'1',	'',	1,	'OK',	'',	'',	'7',	'1',	'',	2,	'',	0,	2,	0,	'',	0,	'service_1_8299563321662721922.pdf',	'service_2_8448740751662721919.pdf',	'',	1,	'2022-09-09 17:03:18',	10,	'2022-09-09 16:41:59',	10,	'2022-09-09 17:03:18',	0),
(46,	9,	1,	15,	'Issue of Renewal of Certificate of Fitness',	'Asst. Director,(Transport) Nani Daman.',	'Director(Transport), Daman',	'Development Commissioner, Daman',	'1',	'',	1,	'OK',	'',	'',	'4',	'1',	'',	2,	'',	0,	2,	0,	'',	0,	'service_1_4042409661662722040.pdf',	'service_2_4340117841662722043.pdf',	'',	1,	'2022-09-09 16:48:01',	9,	'2022-09-09 16:44:00',	9,	'2022-09-09 16:48:01',	0),
(47,	8,	1,	7,	'Consent for Renewal of Orange List Industries',	'Member Secretary, Pollution Control Board, DD & DNH',	'Chairman, PCC, DD & DNH',	'',	'1',	'',	1,	'OK',	'',	'',	'75',	'1',	'',	2,	'',	0,	2,	0,	'',	0,	'service_1_4697184691662722100.pdf',	'service_2_4411677021662722104.pdf',	'',	1,	'2022-09-09 16:52:20',	8,	'2022-09-09 16:45:00',	8,	'2022-09-09 16:52:20',	0),
(48,	10,	1,	17,	'Application for Temporary Electric connection for Commercial',	'Asst. Engineer Sub-Div-1, Moti Daman / Asst. Engineer, Sub Div-2,3,4 Nani Daman',	'Executive Engineer, Daman',	'Secretary (Power)',	'1',	'',	1,	'OK',	'',	'',	'7',	'1',	'',	2,	'',	0,	2,	0,	'',	0,	'service_1_6023218431662722278.pdf',	'service_2_9449382571662722284.pdf',	'',	1,	'2022-09-09 17:03:59',	10,	'2022-09-09 16:47:58',	10,	'2022-09-09 17:03:59',	0),
(49,	9,	1,	15,	'Renewal of Registration Motor Vehicle',	'Asst. Director,(Transport) Nani Daman.',	'Director(Transport), Daman',	'Development Commissioner, Daman',	'1',	'',	1,	'OK',	'',	'',	'6',	'1',	'',	2,	'',	0,	2,	0,	'',	0,	'service_1_1350254881662722360.pdf',	'service_2_5916350441662722363.pdf',	'Other Names Of Same Service :\r\n1. Issue of Renewal of Registration Vehicle',	1,	'2022-09-09 16:56:28',	9,	'2022-09-09 16:49:20',	9,	'2022-09-09 16:56:28',	0),
(50,	11,	1,	1,	'Registration under the DD Shops and Establishment Act',	'Labour Inspector',	'Labour Commissioner',	'Secretary (Labour)',	'1',	'',	1,	'OK',	'',	'',	'15',	'1',	'',	2,	'',	0,	2,	0,	'',	0,	'service_1_2852088921662722706.pdf',	'service_2_5019876221662722702.pdf',	'',	1,	'2022-09-09 16:58:47',	11,	'2022-09-09 16:55:02',	11,	'2022-09-09 16:58:47',	0),
(51,	10,	1,	17,	'Application for Temporary Electric connection for Industrial',	'Asst. Engineer Sub-Div-1, Moti Daman / Asst. Engineer, Sub Div-2,3,4 Nani Daman',	'Executive Engineer, Daman',	'Secretary (Power)',	'1',	'',	1,	'OK',	'',	'',	'7',	'1',	'',	2,	'',	0,	2,	0,	'',	0,	'service_1_4472089521662722770.pdf',	'service_2_1559227791662722774.pdf',	'',	1,	'2022-09-09 17:04:18',	10,	'2022-09-09 16:56:10',	10,	'2022-09-09 17:04:18',	0),
(52,	9,	1,	15,	'Alteration of Motor Vehicle',	'Asst. Director,(Transport) Nani Daman.',	'Director(Transport), Daman',	'Development Commissioner, Daman',	'1',	'',	1,	'OK',	'',	'',	'6',	'1',	'',	2,	'',	0,	2,	0,	'',	0,	'service_1_6711012951662722921.pdf',	'service_2_6113669091662722924.pdf',	'Other Names Of Same Service :\r\n1. Alteration of  Vehicle',	1,	'2022-09-09 17:00:54',	9,	'2022-09-09 16:58:41',	9,	'2022-09-09 17:00:54',	0),
(53,	9,	1,	15,	'Assignment of new registration marks to vehicle brought from other State',	'Asst. Director,(Transport) Nani Daman.',	'Director(Transport), Daman',	'Development Commissioner, Daman',	'1',	'',	1,	'OK',	'',	'',	'60',	'1',	'',	2,	'',	0,	2,	0,	'',	0,	'service_1_9163931781662723141.pdf',	'service_2_4762236841662723144.pdf',	'',	1,	'2022-09-09 17:06:41',	9,	'2022-09-09 17:02:21',	9,	'2022-09-09 17:06:41',	0),
(54,	11,	1,	1,	'Renewal under the DD Shops and Establishment Act',	'Labour Inspector',	'Labour Commissioner',	'Secretary (Labour)',	'1',	'',	1,	'OK',	'',	'',	'15',	'1',	'',	2,	'',	0,	2,	0,	'',	0,	'service_1_5399715561662723320.pdf',	'service_2_6037019531662723324.pdf',	'',	1,	'2022-09-09 17:08:47',	11,	'2022-09-09 17:05:20',	11,	'2022-09-09 17:08:47',	0),
(55,	10,	1,	17,	'Application for new power connection for commercial',	'Asst. Engineer Sub-Div-1, Moti Daman / Asst. Engineer, Sub Div-2,3,4 Nani Daman',	'Executive Engineer',	'Secretary (Power)',	'1',	'',	1,	'OK',	'',	'',	'30',	'1',	'',	2,	'',	0,	2,	0,	'',	0,	'service_1_5391246051662723560.pdf',	'service_2_4973411331662723564.pdf',	'',	1,	'2022-09-09 17:11:58',	10,	'2022-09-09 17:09:20',	10,	'2022-09-09 17:11:58',	0),
(56,	11,	1,	1,	'Registration of factories under the factories Act',	'Chief Inspector of Factories and Boilers',	'Labour Commissioner',	'Secretary (Labour)',	'1',	'',	1,	'OK',	'',	'',	'20',	'1',	'',	2,	'',	0,	2,	0,	'',	0,	'service_1_2171963651662723944.pdf',	'service_2_6863634571662723948.pdf',	'',	1,	'2022-09-09 17:17:51',	11,	'2022-09-09 17:15:44',	11,	'2022-09-09 17:17:51',	0),
(57,	10,	1,	17,	'Application for Temporary Electric Connection for Apecial Occasion/Function',	'Asst. Engineer Sub-Div-1, Moti Daman / Asst. Engineer, Sub Div-2,3,4 Nani Daman',	'Executive Engineer',	'Secretary (Power)',	'1',	'',	1,	'OK',	'',	'',	'3',	'1',	'',	2,	'',	0,	2,	0,	'',	0,	'service_1_5440294491662723950.pdf',	'service_2_3457222021662723953.pdf',	'',	1,	'2022-09-09 17:17:31',	10,	'2022-09-09 17:15:50',	10,	'2022-09-09 17:17:31',	0),
(58,	11,	1,	1,	'Renewal of registration of factories under the factories Act',	'Chief Inspector of Factories and Boilers',	'Labour Commissioner',	'Secretary (Labour)',	'1',	'',	1,	'OK',	'',	'',	'60',	'1',	'',	2,	'',	0,	2,	0,	'',	0,	'service_1_5738830581662724654.pdf',	'service_2_9701452231662724659.pdf',	'',	1,	'2022-09-09 17:29:50',	11,	'2022-09-09 17:27:34',	11,	'2022-09-09 17:29:50',	0),
(59,	9,	1,	15,	'Transfer Ownership of Motor Vehicle',	'Asst. Director,(Transport) Nani Daman.',	'Director(Transport), Daman',	'Development Commissioner, Daman',	'1',	'',	1,	'OK',	'',	'',	'6',	'1',	'',	2,	'',	0,	2,	0,	'',	0,	'service_1_9340995461662726101.pdf',	'service_2_5240751461662726105.pdf',	'Other Names Of Same Service :\r\n1. Transfer Ownership of Vehicle',	1,	'2022-09-09 17:54:44',	9,	'2022-09-09 17:51:41',	9,	'2022-09-09 17:54:44',	0),
(60,	9,	1,	15,	'No Objection Certificate',	'Asst. Director,(Transport) Nani Daman.',	'Director(Transport), Daman',	'Development Commissioner, Daman',	'1',	'',	1,	'OK',	'',	'',	'3',	'1',	'',	2,	'',	0,	2,	0,	'',	0,	'service_1_8703982001662726401.pdf',	'service_2_8760597301662726404.pdf',	'',	1,	'2022-09-09 18:01:29',	9,	'2022-09-09 17:56:41',	9,	'2022-09-09 18:01:29',	0);

DROP TABLE IF EXISTS `service_req_doc`;
CREATE TABLE `service_req_doc` (
  `service_req_doc_id` int(11) NOT NULL AUTO_INCREMENT,
  `service_id` int(11) NOT NULL,
  `doc_name` text NOT NULL,
  `requirement_type` tinyint(1) NOT NULL,
  `document` varchar(100) NOT NULL,
  `remarks` varchar(100) NOT NULL,
  `created_by` int(11) NOT NULL,
  `created_time` datetime NOT NULL,
  `updated_by` int(11) NOT NULL,
  `updated_time` datetime NOT NULL,
  `is_delete` tinyint(1) NOT NULL,
  PRIMARY KEY (`service_req_doc_id`)
) ENGINE=InnoDB DEFAULT CHARSET=utf8;

INSERT INTO `service_req_doc` (`service_req_doc_id`, `service_id`, `doc_name`, `requirement_type`, `document`, `remarks`, `created_by`, `created_time`, `updated_by`, `updated_time`, `is_delete`) VALUES
(1,	1,	'AAdhar',	2,	'req_doc_5902891658126299.pdf',	'',	2,	'2022-07-18 12:08:19',	1,	'2022-07-22 17:03:43',	0),
(2,	1,	'Doc Name',	1,	'req_doc_5544811658232333.pdf',	'',	2,	'2022-07-19 17:35:33',	1,	'2022-07-22 17:03:43',	0),
(3,	3,	'',	0,	'',	'',	3,	'2022-07-23 11:06:30',	3,	'2022-07-23 15:02:43',	0),
(4,	4,	'',	0,	'',	'',	3,	'2022-07-23 11:15:09',	3,	'2022-07-23 15:02:52',	0),
(5,	5,	'',	0,	'',	'',	3,	'2022-07-23 11:25:42',	3,	'2022-07-23 15:03:02',	0),
(6,	6,	'',	0,	'',	'',	3,	'2022-07-23 14:59:18',	3,	'2022-07-23 15:03:12',	0),
(7,	7,	'',	0,	'',	'',	3,	'2022-07-23 15:02:28',	3,	'2022-07-23 15:03:19',	0),
(8,	8,	'',	0,	'',	'',	3,	'2022-07-23 15:05:28',	0,	'0000-00-00 00:00:00',	0),
(9,	9,	'',	0,	'',	'',	3,	'2022-07-23 15:08:49',	0,	'0000-00-00 00:00:00',	0),
(10,	10,	'',	0,	'',	'',	3,	'2022-07-23 15:12:06',	0,	'0000-00-00 00:00:00',	0),
(11,	11,	'',	0,	'',	'',	3,	'2022-07-23 15:14:09',	0,	'0000-00-00 00:00:00',	0),
(12,	12,	'',	0,	'req_doc_8150521662624136.jpg',	'',	1,	'2022-09-08 13:32:16',	0,	'0000-00-00 00:00:00',	0),
(13,	13,	'Affidavit in a Rs. 2/- Stamp Paper',	1,	'',	'',	1,	'2022-09-09 11:04:27',	9,	'2022-09-09 13:19:26',	0),
(14,	13,	'Application form in the prescribe format',	1,	'',	'',	1,	'2022-09-09 11:04:27',	9,	'2022-09-09 13:19:26',	0),
(15,	13,	'Attested Xerox Copy of Birth Certificate',	1,	'',	'',	1,	'2022-09-09 11:04:27',	9,	'2022-09-09 13:19:26',	0),
(16,	13,	'Ration Card (If Applicable)',	1,	'',	'',	1,	'2022-09-09 11:04:27',	9,	'2022-09-09 13:19:26',	0),
(17,	13,	'School Leaving Certificate',	1,	'',	'',	1,	'2022-09-09 11:04:27',	9,	'2022-09-09 13:19:26',	0),
(18,	13,	'Any Other Document as Proof of Residence',	1,	'',	'',	1,	'2022-09-09 11:04:27',	9,	'2022-09-09 13:19:26',	0),
(19,	14,	'Affidavit in a Rs. 2/- Stamp Paper',	1,	'',	'',	9,	'2022-09-09 11:58:31',	0,	'0000-00-00 00:00:00',	0),
(20,	14,	'Application form in the prescribe format',	1,	'',	'',	9,	'2022-09-09 11:58:31',	0,	'0000-00-00 00:00:00',	0),
(21,	14,	'Attested Xerox Copy of Birth Certificate',	1,	'',	'',	9,	'2022-09-09 11:58:31',	0,	'0000-00-00 00:00:00',	0),
(22,	14,	'Ration Card (If Applicable)',	1,	'',	'',	9,	'2022-09-09 11:58:31',	0,	'0000-00-00 00:00:00',	0),
(23,	14,	'Election Identity card',	1,	'',	'',	9,	'2022-09-09 11:58:31',	0,	'0000-00-00 00:00:00',	0),
(24,	14,	'School Leaving Certificate',	1,	'',	'',	9,	'2022-09-09 11:58:31',	0,	'0000-00-00 00:00:00',	0),
(25,	18,	'Affidavit in a Rs. 2/- Stamp Paper',	1,	'',	'',	9,	'2022-09-09 12:13:39',	0,	'0000-00-00 00:00:00',	0),
(26,	18,	'Application form in the prescribe format',	1,	'',	'',	9,	'2022-09-09 12:13:39',	0,	'0000-00-00 00:00:00',	0),
(27,	18,	'Certificate from Samaj Concerned',	1,	'',	'',	9,	'2022-09-09 12:13:39',	0,	'0000-00-00 00:00:00',	0),
(28,	18,	'Parents  Caste Certificate issued by the Competent',	1,	'',	'',	9,	'2022-09-09 12:13:39',	0,	'0000-00-00 00:00:00',	0),
(29,	19,	'Affidavit Containing full details of family member',	1,	'',	'Affidavit Containing full details of family members and their income from all sources in a Rs. 2/- S',	9,	'2022-09-09 12:21:01',	0,	'0000-00-00 00:00:00',	0),
(30,	19,	'Application form in the prescirbe format',	1,	'',	'',	9,	'2022-09-09 12:21:01',	0,	'0000-00-00 00:00:00',	0),
(31,	19,	'Attested copy of Ration Card',	1,	'',	'',	9,	'2022-09-09 12:21:01',	0,	'0000-00-00 00:00:00',	0),
(32,	19,	'Salary Certificate. If any.',	1,	'',	'',	9,	'2022-09-09 12:21:01',	0,	'0000-00-00 00:00:00',	0),
(33,	16,	'Application form dully filled all columns without any correction.',	1,	'',	'',	11,	'2022-09-09 12:23:49',	11,	'2022-09-09 12:38:31',	0),
(34,	16,	'Copy of Site plan of the land',	1,	'',	'',	11,	'2022-09-09 12:29:43',	11,	'2022-09-09 12:38:31',	0),
(35,	16,	'Copy of XIV Nakal',	1,	'',	'',	11,	'2022-09-09 12:29:43',	11,	'2022-09-09 12:38:31',	0),
(36,	16,	'Copy of N.Aorder',	1,	'',	'',	11,	'2022-09-09 12:30:29',	11,	'2022-09-09 12:38:31',	0),
(37,	16,	'Copy of Sanad',	1,	'',	'',	11,	'2022-09-09 12:30:29',	11,	'2022-09-09 12:38:31',	0),
(38,	16,	'All copies of approval plan',	1,	'',	'',	11,	'2022-09-09 12:30:29',	11,	'2022-09-09 12:38:31',	0),
(39,	17,	'Request letter on letter head cutting reasons/ purpose for road cutting.  a) water supply lines. b) telephone lines. c) underground telephone cabling. d) electrical cables. e) underground drainage.',	1,	'',	'',	10,	'2022-09-09 12:31:01',	10,	'2022-09-09 15:58:07',	0),
(40,	16,	'Complete proposal fire fighting layout plan',	1,	'',	'',	11,	'2022-09-09 12:38:31',	0,	'0000-00-00 00:00:00',	0),
(41,	16,	'Copy of land agreement if any',	1,	'',	'',	11,	'2022-09-09 12:38:31',	0,	'0000-00-00 00:00:00',	0),
(42,	16,	'Copy of construction permission/ license of DMC / Panchayat.',	1,	'',	'',	11,	'2022-09-09 12:38:31',	0,	'0000-00-00 00:00:00',	0),
(43,	16,	'An undertaking form of affidavit on Rs. 100/- stamp papers attached with residential and photo id proof',	1,	'',	'',	11,	'2022-09-09 12:38:31',	0,	'0000-00-00 00:00:00',	0),
(44,	16,	'Copy of letter regarding technically approved building plan issued by theATP, Daman',	1,	'',	'',	11,	'2022-09-09 12:38:31',	0,	'0000-00-00 00:00:00',	0),
(45,	16,	'Project report of Industry if any',	1,	'',	'',	11,	'2022-09-09 12:38:31',	0,	'0000-00-00 00:00:00',	0),
(46,	16,	'Other relevant document if any.',	1,	'',	'',	11,	'2022-09-09 12:38:31',	0,	'0000-00-00 00:00:00',	0),
(47,	17,	'Method of laying open trnch/ hdd method.',	1,	'',	'',	10,	'2022-09-09 12:39:50',	10,	'2022-09-09 15:58:07',	0),
(48,	15,	'Document Not Available',	1,	'',	'',	8,	'2022-09-09 12:44:03',	8,	'2022-09-09 13:18:06',	0),
(49,	20,	'Affidavit in a Rs. 2/- Stamp Paper',	1,	'',	'',	9,	'2022-09-09 12:44:12',	0,	'0000-00-00 00:00:00',	0),
(50,	20,	'Application form in the prescribe format',	1,	'',	'',	9,	'2022-09-09 12:44:12',	0,	'0000-00-00 00:00:00',	0),
(51,	20,	'School Leaving Certificate',	1,	'',	'',	9,	'2022-09-09 12:44:12',	0,	'0000-00-00 00:00:00',	0),
(52,	20,	'Birth Certificate of self and Father/Mother.',	1,	'',	'',	9,	'2022-09-09 12:44:12',	0,	'0000-00-00 00:00:00',	0),
(53,	20,	'Ration Card Copy',	1,	'',	'',	9,	'2022-09-09 12:44:12',	0,	'0000-00-00 00:00:00',	0),
(54,	20,	'Election Identity Card.',	1,	'',	'',	9,	'2022-09-09 12:44:12',	0,	'0000-00-00 00:00:00',	0),
(55,	20,	'Samaj Certificate.',	1,	'',	'',	9,	'2022-09-09 12:44:12',	0,	'0000-00-00 00:00:00',	0),
(56,	20,	'Caste Certificate of self and father.',	1,	'',	'',	9,	'2022-09-09 12:44:12',	0,	'0000-00-00 00:00:00',	0),
(57,	20,	'Residence Certificate',	1,	'',	'',	9,	'2022-09-09 12:44:12',	0,	'0000-00-00 00:00:00',	0),
(58,	20,	'Land Revenue receipt.',	1,	'',	'',	9,	'2022-09-09 12:44:12',	0,	'0000-00-00 00:00:00',	0),
(59,	20,	'Form No. I and XIV.',	1,	'',	'',	9,	'2022-09-09 12:44:12',	0,	'0000-00-00 00:00:00',	0),
(60,	20,	'Income Certificate/Salary Certificate',	1,	'',	'',	9,	'2022-09-09 12:44:12',	0,	'0000-00-00 00:00:00',	0),
(61,	21,	'Application form with attached relevant documents dully filled all columns without any correction.',	1,	'',	'',	11,	'2022-09-09 12:56:23',	0,	'0000-00-00 00:00:00',	0),
(62,	21,	'Copy of providional/ final NOC/letter of fire safety recommendation issued by the fire department.',	1,	'',	'',	11,	'2022-09-09 12:56:23',	0,	'0000-00-00 00:00:00',	0),
(63,	21,	'Site plan of the land',	1,	'',	'',	11,	'2022-09-09 12:56:23',	0,	'0000-00-00 00:00:00',	0),
(64,	21,	'Copy of XIV Nakal',	1,	'',	'',	11,	'2022-09-09 12:56:23',	0,	'0000-00-00 00:00:00',	0),
(65,	21,	'Copy of N.Aorder',	1,	'',	'',	11,	'2022-09-09 12:56:23',	0,	'0000-00-00 00:00:00',	0),
(66,	21,	'Copy of Sanad',	1,	'',	'',	11,	'2022-09-09 12:56:23',	0,	'0000-00-00 00:00:00',	0),
(67,	21,	'All copies of approval plan',	1,	'',	'',	11,	'2022-09-09 12:56:23',	0,	'0000-00-00 00:00:00',	0),
(68,	21,	'Copy of Police Panchnama',	1,	'',	'',	11,	'2022-09-09 12:56:23',	0,	'0000-00-00 00:00:00',	0),
(69,	21,	'Copy of police FIR',	1,	'',	'',	11,	'2022-09-09 12:56:23',	0,	'0000-00-00 00:00:00',	0),
(70,	21,	'Copy of FSL report',	1,	'',	'',	11,	'2022-09-09 12:56:23',	0,	'0000-00-00 00:00:00',	0),
(71,	21,	'Copy of construction permission/ license of DMC/ Panchayat',	1,	'',	'',	11,	'2022-09-09 12:56:23',	0,	'0000-00-00 00:00:00',	0),
(72,	21,	'Copy of occupancy certificate of the building if any',	1,	'',	'',	11,	'2022-09-09 12:56:23',	0,	'0000-00-00 00:00:00',	0),
(73,	21,	'Copy of letter regarding technically approved building plan issued by theATP, Daman.',	1,	'',	'',	11,	'2022-09-09 12:56:23',	0,	'0000-00-00 00:00:00',	0),
(74,	21,	'An undertaking inform of sworn affidavit on Rs. 100/- stamps paper attached with Residential and photo id proof.',	1,	'',	'',	11,	'2022-09-09 12:56:23',	0,	'0000-00-00 00:00:00',	0),
(75,	21,	'Project report of Industry if any',	1,	'',	'',	11,	'2022-09-09 12:56:23',	0,	'0000-00-00 00:00:00',	0),
(76,	21,	'Copy of Land agreement if any.',	1,	'',	'',	11,	'2022-09-09 12:56:23',	0,	'0000-00-00 00:00:00',	0),
(77,	21,	'Other documents if any.',	1,	'',	'',	11,	'2022-09-09 12:56:23',	0,	'0000-00-00 00:00:00',	0),
(78,	22,	'Application defining survey No. of the said Land.',	1,	'',	'',	9,	'2022-09-09 13:09:11',	0,	'0000-00-00 00:00:00',	0),
(79,	24,	'Document Not Available',	1,	'',	'',	8,	'2022-09-09 13:15:34',	8,	'2022-09-09 13:18:17',	0),
(80,	23,	'Document Not Available',	1,	'',	'',	9,	'2022-09-09 13:18:06',	0,	'0000-00-00 00:00:00',	0),
(81,	25,	'Document not available',	1,	'',	'',	9,	'2022-09-09 13:19:58',	0,	'0000-00-00 00:00:00',	0),
(82,	26,	'Document Not Available',	1,	'',	'',	8,	'2022-09-09 13:21:36',	8,	'2022-09-09 13:27:47',	0),
(83,	28,	'Document Not Available',	1,	'',	'',	8,	'2022-09-09 13:33:29',	0,	'0000-00-00 00:00:00',	0),
(84,	29,	'Document Not Available',	1,	'',	'',	8,	'2022-09-09 13:35:19',	0,	'0000-00-00 00:00:00',	0),
(85,	30,	'Document Not Avaliable',	1,	'',	'',	9,	'2022-09-09 13:36:13',	0,	'0000-00-00 00:00:00',	0),
(86,	32,	'Document Not Available',	1,	'',	'',	8,	'2022-09-09 13:39:18',	0,	'0000-00-00 00:00:00',	0),
(87,	31,	'After completion of one month from the date of issue of Learner\'s License, Applicant may submit application for permanent Driving License along with Learner\'s License.',	1,	'',	'',	9,	'2022-09-09 15:50:53',	9,	'2022-09-09 15:53:44',	0),
(88,	33,	'New Prescribed Application form',	1,	'',	'',	10,	'2022-09-09 15:56:01',	10,	'2022-09-09 17:05:29',	0),
(89,	33,	' Proof of Ownership: Self Attested copy of any one of following document; i) Registered Sale Deed il) Registered partition Deed ili)Registered Succession Certificate iv)Registered Heir Certificate v) Registered Will vi)Certificate of residence issued by Area Councillor in case of urban under DMC along with lay out plan vii) Certificate of residence issued by Tehsildar in case of rural area not under DMC along with lay out plan',	1,	'',	'',	10,	'2022-09-09 15:56:01',	10,	'2022-09-09 17:05:29',	0),
(90,	33,	' Proof of Occupancy:- Self Attested copy of any one of following document: i) Occupancy Certificate issued by Town Planning Authority it) Registered Power of Attorney issued by owner iii) Latest rent Receipt iv) Lease Deed v) Rent Agreement vi) Allotment order issued by owner vii) Land Revenue receipt in case of agriculture/irrigation pump set viii) Possession letter',	1,	'',	'',	10,	'2022-09-09 15:56:01',	10,	'2022-09-09 17:05:29',	0),
(91,	33,	'Completion Test Certificate of Electrical installation issued by Licensed Electrical Contractor.',	1,	'',	'',	10,	'2022-09-09 15:56:01',	10,	'2022-09-09 17:05:29',	0),
(92,	34,	'Duly filled in application FORM No. XIII under Water Act.',	1,	'',	'',	8,	'2022-09-09 15:58:00',	8,	'2022-09-09 16:29:59',	0),
(93,	34,	' Duly filed in application FORM No. I under Air Act.',	1,	'',	'',	8,	'2022-09-09 15:58:00',	8,	'2022-09-09 16:29:59',	0),
(94,	34,	'Consent fee under Water Act and Air Act in the form of demand draft in favor of Pollution Control committee payable at Silvassa or Daman.',	1,	'',	'',	8,	'2022-09-09 15:58:00',	8,	'2022-09-09 16:29:59',	0),
(95,	34,	' Notarized affidavit in Twenty rupee stamp paper giving details of capital investment including land, building and plant & machinery without depreciation.',	1,	'',	'',	8,	'2022-09-09 15:58:00',	8,	'2022-09-09 16:29:59',	0),
(96,	34,	' Copy of Land sale/ lease agreement.',	1,	'',	'',	8,	'2022-09-09 15:58:00',	8,	'2022-09-09 16:29:59',	0),
(97,	35,	'Submit the Form 9',	1,	'',	'',	9,	'2022-09-09 15:58:28',	0,	'0000-00-00 00:00:00',	0),
(98,	35,	'Submit the Form 1-A (Medical Certificate duly Signed by the Registered Medical Practitioner)',	1,	'',	'',	9,	'2022-09-09 15:58:28',	0,	'0000-00-00 00:00:00',	0),
(99,	36,	'Application Form LLD along with police intimation letter and two passport size photographs.',	1,	'',	'',	9,	'2022-09-09 16:04:26',	0,	'0000-00-00 00:00:00',	0),
(100,	36,	'In case the original license is found in future, the applicant should surrender the duplicate license to the authority.',	1,	'',	'',	9,	'2022-09-09 16:04:26',	0,	'0000-00-00 00:00:00',	0),
(101,	37,	' New Prescribed Application form',	1,	'',	'',	10,	'2022-09-09 16:11:40',	10,	'2022-09-09 17:06:00',	0),
(102,	37,	' Proof of Ownership: Self Attested copy of any one of following document; i) Registered Sale deed li) Registered partition Deed iii)Registered Succession Certificate iv) Registered Heir Certificate v) Registered Will vi) Certificate of residence issued by Area Councillor in case of urban under DMC along with lay out plan vii) Certificate of residence issued by Tehsildar in case of rural area not under DMC along with lay out plan',	1,	'',	'',	10,	'2022-09-09 16:11:40',	10,	'2022-09-09 17:06:00',	0),
(103,	39,	' Application from the consumer regarding defective meter.',	1,	'',	'',	10,	'2022-09-09 16:17:09',	10,	'2022-09-09 17:06:22',	0),
(104,	39,	' Copy of latest energy Bill',	1,	'',	'',	10,	'2022-09-09 16:17:09',	10,	'2022-09-09 17:06:22',	0),
(105,	40,	'Application form with attached relevant documents dully filled all columns without any correction.',	1,	'',	'',	11,	'2022-09-09 16:22:34',	11,	'2022-09-09 16:24:00',	0),
(106,	40,	'Site plan of the land',	1,	'',	'',	11,	'2022-09-09 16:22:34',	11,	'2022-09-09 16:24:00',	0),
(107,	40,	'Copy of XIV Nakal',	1,	'',	'',	11,	'2022-09-09 16:22:34',	11,	'2022-09-09 16:24:00',	0),
(108,	40,	'Copy of N.Aorder',	1,	'',	'',	11,	'2022-09-09 16:22:34',	11,	'2022-09-09 16:24:00',	0),
(109,	40,	'Copy of Sanad',	1,	'',	'',	11,	'2022-09-09 16:22:34',	11,	'2022-09-09 16:24:00',	0),
(110,	40,	'All copies of approval plan',	1,	'',	'',	11,	'2022-09-09 16:22:34',	11,	'2022-09-09 16:24:00',	0),
(111,	40,	'Complete proposal fire fighting Layout plan.',	1,	'',	'',	11,	'2022-09-09 16:22:34',	11,	'2022-09-09 16:24:00',	0),
(112,	40,	'Copy of Land agreement if any.',	1,	'',	'',	11,	'2022-09-09 16:22:34',	11,	'2022-09-09 16:24:00',	0),
(113,	40,	'Copy of construction permission/ license of DMC/ Panchayat',	1,	'',	'',	11,	'2022-09-09 16:22:34',	11,	'2022-09-09 16:24:00',	0),
(114,	41,	'Application from the consumer regarding stop/defective meter.',	1,	'',	'',	10,	'2022-09-09 16:24:48',	10,	'2022-09-09 17:06:32',	0),
(115,	41,	'Copy of latest energy Bill',	1,	'',	'',	10,	'2022-09-09 16:24:48',	10,	'2022-09-09 17:06:32',	0),
(116,	34,	'Copy of provisional registration/ In principal clearance issued by District Industries Centre (DIC).',	1,	'',	'',	8,	'2022-09-09 16:29:59',	0,	'0000-00-00 00:00:00',	0),
(117,	34,	' Comprehensive project report including the following. List of products to be manufactured : I) List of raw materials to be used (Product-wise) & quantity required per month. ii) List of plant & machinery to be installed. iii) Details of Boilers/ Thermic Fluid Heaters/ DG Sets to be installed and their capacity, fuel to be used and fuel consumption. iv) Details of hazardous chemicals, chemical name and its Boiling Point (C), Flash point (C) and storage capacity (Tones) at any given time. v) Material Safety Data Sheet (MSDS) of Hazardous Chemicals as per Schedule 9 of the Manufacture, storage and Import of Hazardous Chemical Rules, 1989. vi) Detailed manufacturing process (Product- wise) including chemical reactions. vii) Process flow Charts (Product- Wise). viii) Source of waste generation and its quantity. ix) Quality of effluent generation before and after treatment and discharge point. x) Details of Effluent Treatment Plant including design, Blue print and treatment process. xi) Details of solid wastes generation (non- hazardous)- type, quantity and method of collection, storage, treatment and disposal. xii) Details of stack and the process equipment/ machinery to be attached with it and Air Pollution Control Devises to be installed including blue print. xiii) Quantity and quality of stack emission before emission before and after treatment.',	1,	'',	'',	8,	'2022-09-09 16:29:59',	0,	'0000-00-00 00:00:00',	0),
(118,	34,	' Application for details of hazardous waste generation- type, quantity, physical form, chemical composition and method of collection, storage, treatment and disposal.',	1,	'',	'',	8,	'2022-09-09 16:29:59',	0,	'0000-00-00 00:00:00',	0),
(119,	34,	' Memorandum of Articles Association / Partnership Deed (Signed).',	1,	'',	'',	8,	'2022-09-09 16:29:59',	0,	'0000-00-00 00:00:00',	0),
(120,	34,	'Authorization letter to sign/ receive documents.',	1,	'',	'',	8,	'2022-09-09 16:29:59',	0,	'0000-00-00 00:00:00',	0),
(121,	42,	'Application form with attached relevant documents dully filled all columns without any correction.',	1,	'',	'',	11,	'2022-09-09 16:35:59',	0,	'0000-00-00 00:00:00',	0),
(122,	42,	'Site plan of the land',	1,	'',	'',	11,	'2022-09-09 16:35:59',	0,	'0000-00-00 00:00:00',	0),
(123,	42,	'Copy of XIV Nakal',	1,	'',	'',	11,	'2022-09-09 16:35:59',	0,	'0000-00-00 00:00:00',	0),
(124,	42,	'Copy of N.Aorder',	1,	'',	'',	11,	'2022-09-09 16:35:59',	0,	'0000-00-00 00:00:00',	0),
(125,	42,	'Copy of Sanad',	1,	'',	'',	11,	'2022-09-09 16:35:59',	0,	'0000-00-00 00:00:00',	0),
(126,	42,	'All copies of approval plan',	1,	'',	'',	11,	'2022-09-09 16:35:59',	0,	'0000-00-00 00:00:00',	0),
(127,	42,	'Complete proposal fire fighting Layout plan.',	1,	'',	'',	11,	'2022-09-09 16:35:59',	0,	'0000-00-00 00:00:00',	0),
(128,	42,	'Project report of Industry',	1,	'',	'',	11,	'2022-09-09 16:35:59',	0,	'0000-00-00 00:00:00',	0),
(129,	42,	'Copy of Land agreement if any.',	1,	'',	'',	11,	'2022-09-09 16:35:59',	0,	'0000-00-00 00:00:00',	0),
(130,	42,	'Copy of construction permission/ license of DMC/ Panchayat',	1,	'',	'',	11,	'2022-09-09 16:35:59',	0,	'0000-00-00 00:00:00',	0),
(131,	42,	'Copy of occupancy certificate of the building if any.',	1,	'',	'',	11,	'2022-09-09 16:35:59',	0,	'0000-00-00 00:00:00',	0),
(132,	42,	'An undertaking inform of sworn affidavit on Rs. 100/- stamps paper attached with Residential and photo id proof.',	1,	'',	'',	11,	'2022-09-09 16:35:59',	0,	'0000-00-00 00:00:00',	0),
(133,	42,	'Attached with Residential and photo id proof id identify me person',	1,	'',	'',	11,	'2022-09-09 16:35:59',	0,	'0000-00-00 00:00:00',	0),
(134,	42,	'Copy of letter regarding technically approved building plan issued by theATP, Daman.',	1,	'',	'',	11,	'2022-09-09 16:35:59',	0,	'0000-00-00 00:00:00',	0),
(135,	42,	'Photographs of the fire fighting system',	1,	'',	'',	11,	'2022-09-09 16:35:59',	0,	'0000-00-00 00:00:00',	0),
(136,	42,	'Copy of provisional NOC for construction permission /letter of fire safety recommendation issued by the fire department',	1,	'',	'',	11,	'2022-09-09 16:35:59',	0,	'0000-00-00 00:00:00',	0),
(137,	42,	'Other relevant document if any.',	1,	'',	'',	11,	'2022-09-09 16:35:59',	0,	'0000-00-00 00:00:00',	0),
(138,	43,	'Filled Application form in prescribed format.',	1,	'',	'',	10,	'2022-09-09 16:38:10',	0,	'0000-00-00 00:00:00',	0),
(139,	43,	' Copy of S.S.I Registration',	1,	'',	'',	10,	'2022-09-09 16:38:10',	0,	'0000-00-00 00:00:00',	0),
(140,	43,	'Copy of Building Occupancy Certificate',	1,	'',	'',	10,	'2022-09-09 16:38:10',	0,	'0000-00-00 00:00:00',	0),
(141,	43,	'Licensed Electrical Contractor test report for DG set alongwith diagram showing department supply and DG supply with changeover.',	1,	'',	'',	10,	'2022-09-09 16:38:10',	0,	'0000-00-00 00:00:00',	0),
(142,	43,	'Copy of PCC consent to establish DG set.',	1,	'',	'',	10,	'2022-09-09 16:38:10',	0,	'0000-00-00 00:00:00',	0),
(143,	43,	'Copy of Electricity Bill.',	1,	'',	'',	10,	'2022-09-09 16:38:10',	0,	'0000-00-00 00:00:00',	0),
(144,	38,	'Form 20 (in duplicate if vehicle is hypothecated).',	1,	'',	'',	9,	'2022-09-09 16:41:29',	0,	'0000-00-00 00:00:00',	0),
(145,	38,	'Sale Certificate in Form 21.',	1,	'',	'',	9,	'2022-09-09 16:41:29',	0,	'0000-00-00 00:00:00',	0),
(146,	38,	'Valid Insurance Certificate.',	1,	'',	'',	9,	'2022-09-09 16:41:29',	0,	'0000-00-00 00:00:00',	0),
(147,	38,	'Original sale certificate from the concerned authorities in Form 21 in case of ex-army vehicles.',	1,	'',	'',	9,	'2022-09-09 16:41:29',	0,	'0000-00-00 00:00:00',	0),
(148,	38,	'Road worthiness certificate in Form 22 from the manufacturer and Form 22-A from the body builders, Custom;s clearance certificate in case of imported vehicles along with license and bond if any.',	1,	'',	'',	9,	'2022-09-09 16:41:29',	0,	'0000-00-00 00:00:00',	0),
(149,	38,	'Copy of sales invoice from dealer. Temporary registration certificate.',	1,	'',	'',	9,	'2022-09-09 16:41:29',	0,	'0000-00-00 00:00:00',	0),
(150,	38,	'Photo ID Proof Document as mentioned in Rule No. 4 of CMVR 1989.',	1,	'',	'',	9,	'2022-09-09 16:41:29',	0,	'0000-00-00 00:00:00',	0),
(151,	38,	'Address proof Document as mentioned in Rule No. of CMVR 1989.',	1,	'',	'',	9,	'2022-09-09 16:41:29',	0,	'0000-00-00 00:00:00',	0),
(152,	44,	'Duly filled in application FORM no. XIII under Water Act. *',	1,	'',	'',	8,	'2022-09-09 16:43:11',	0,	'0000-00-00 00:00:00',	0),
(153,	44,	' Duly filled in application FORM NO. I under Air Act *',	1,	'',	'',	8,	'2022-09-09 16:43:11',	0,	'0000-00-00 00:00:00',	0),
(154,	44,	'Consent fee under Water Act and Air Act in the form of demand draft in favour of  Pollution Control Committee : payable at Silvassa or Daman',	1,	'',	'',	8,	'2022-09-09 16:43:11',	0,	'0000-00-00 00:00:00',	0),
(155,	44,	'Notarized affidavit in Twenty Rupee stamp paper giving details of capital investment including land, building and plant & machinery without depreciation.',	1,	'',	'',	8,	'2022-09-09 16:43:11',	0,	'0000-00-00 00:00:00',	0),
(156,	44,	'Copy of operate or renewal consent order issued under Water Act',	1,	'',	'',	8,	'2022-09-09 16:43:11',	0,	'0000-00-00 00:00:00',	0),
(157,	44,	'Copy of  operate or renewal consent  order issued under Air Act',	1,	'',	'',	8,	'2022-09-09 16:43:11',	0,	'0000-00-00 00:00:00',	0),
(158,	44,	' Details of the pollution control system installed to treat water/ air pollution including copy of ETP/APCD drawings.',	1,	'',	'',	8,	'2022-09-09 16:43:11',	0,	'0000-00-00 00:00:00',	0),
(159,	44,	'1) Application for obtaining Authorization for collection/ Reception/ Treatment/ Transports/ storage/ Disposal of Hazardous wastes. (form1)## 2) Industry Data Sheet Format. (IDSF) 3) Display sign Board.',	1,	'',	'',	8,	'2022-09-09 16:43:11',	0,	'0000-00-00 00:00:00',	0),
(160,	44,	' Application as per FORM  I of Recycled Plastic Manufacturing and Usage (Amendment ) Rules, 2003 for grant of registration for manufacturing of plastic carry bags and containers.',	1,	'',	'',	8,	'2022-09-09 16:43:11',	0,	'0000-00-00 00:00:00',	0),
(161,	45,	' Filled Application form in prescribed format.',	1,	'',	'',	10,	'2022-09-09 16:44:55',	10,	'2022-09-09 17:03:18',	0),
(162,	45,	' Proof of Ownership: Self Attested copy of any one of following document: i) Registered Sale deed. ii) Registered partition Deed iii) Registered Succession Certificate iv) Registered Heir certificate v) Registered will vi) Certificate of residence issued by area Councilor in case of urban under DMC along with lay out plan',	1,	'',	'',	10,	'2022-09-09 16:44:55',	10,	'2022-09-09 17:03:18',	0),
(163,	45,	'Identity Card.',	1,	'',	'',	10,	'2022-09-09 16:44:55',	10,	'2022-09-09 17:03:18',	0),
(164,	45,	'Copy of approved building Plan',	1,	'',	'',	10,	'2022-09-09 16:44:55',	10,	'2022-09-09 17:03:18',	0),
(165,	45,	'Construction permission from competent authority',	1,	'',	'',	10,	'2022-09-09 16:44:55',	10,	'2022-09-09 17:03:18',	0),
(166,	45,	' Test Certificate from Licensed Electrical Contractor',	1,	'',	'',	10,	'2022-09-09 16:44:55',	10,	'2022-09-09 17:03:18',	0),
(167,	46,	'The application for issue and renewal of fitness in respect of transport vehicles will be accepted in form CFRA accompanied by (a) certificate of insurance (b) Permit (c) certifcate of taxation.',	1,	'',	'',	9,	'2022-09-09 16:48:01',	0,	'0000-00-00 00:00:00',	0),
(168,	48,	' Filled Application form in prescribed format.',	1,	'',	'',	10,	'2022-09-09 16:49:56',	10,	'2022-09-09 17:03:59',	0),
(169,	48,	' Proof of Ownership: Self Attested copy of any one of following document: i) Registered Sale deed. ii) Registered partition Deed iii) Registered Succession Certificate iv) Registered Heir certificate v) Registered will vi) Certificate of residence issued by area Councilor in case of urban under DMC along with lay out plan',	1,	'',	'',	10,	'2022-09-09 16:49:56',	10,	'2022-09-09 17:03:59',	0),
(170,	48,	'Identity Card.',	1,	'',	'',	10,	'2022-09-09 16:49:56',	10,	'2022-09-09 17:03:59',	0),
(171,	48,	' Copy of approved building Plan',	1,	'',	'',	10,	'2022-09-09 16:49:56',	10,	'2022-09-09 17:03:59',	0),
(172,	48,	' Construction permission from competent authority',	1,	'',	'',	10,	'2022-09-09 16:49:56',	10,	'2022-09-09 17:03:59',	0),
(173,	48,	'Test Certificate from Licensed Electrical Contractor.',	1,	'',	'',	10,	'2022-09-09 16:49:56',	10,	'2022-09-09 17:03:59',	0),
(174,	47,	' Duly filed application FORM no. XIII under water Act*',	1,	'',	'',	8,	'2022-09-09 16:52:20',	0,	'0000-00-00 00:00:00',	0),
(175,	47,	'Duly filled in application FORM NO. I under Air Act *',	1,	'',	'',	8,	'2022-09-09 16:52:20',	0,	'0000-00-00 00:00:00',	0),
(176,	47,	'Consent fee under Water Act and Air Act in the form of demand draft in favour of Pollution Control Committee : payable at Silvassa or Daman',	1,	'',	'',	8,	'2022-09-09 16:52:20',	0,	'0000-00-00 00:00:00',	0),
(177,	47,	' Notarized affidavit in Twenty Rupee stamp paper giving details of capital investment including land, building and plant & machinery without depreciation.',	1,	'',	'',	8,	'2022-09-09 16:52:20',	0,	'0000-00-00 00:00:00',	0),
(178,	47,	'Copy of operate or renewal consent order issued under Water Act',	1,	'',	'',	8,	'2022-09-09 16:52:20',	0,	'0000-00-00 00:00:00',	0),
(179,	47,	' Copy of  operate or renewal consent  order issued under Air Act',	1,	'',	'',	8,	'2022-09-09 16:52:20',	0,	'0000-00-00 00:00:00',	0),
(180,	47,	'Six monthly Analysis Report of treated effluent from Effluent Treatment Plant',	1,	'',	'',	8,	'2022-09-09 16:52:20',	0,	'0000-00-00 00:00:00',	0),
(181,	47,	'Six monthly stack monitoring and Ambient Air Quality (within the factory premises) monitoring report',	1,	'',	'',	8,	'2022-09-09 16:52:20',	0,	'0000-00-00 00:00:00',	0),
(182,	47,	' Environment Statement for the financial year ending 31 March as per FORM V of the Environment ( Protection ) rules 198910. 1) Aplication for Obtaining Authorization for Collection / Reception / Treatment/ Transports / Staorage/ Disposal of Hazardous wastes. (form-I) 2) Industry Data Sheet Format. (IDSF) 3) Foramt for Maintaining Records of Hazardous Wastes by the Occupier or operator at the Facility. ( form 3)',	1,	'',	'',	8,	'2022-09-09 16:52:20',	0,	'0000-00-00 00:00:00',	0),
(183,	47,	' 4) Grant/Renewal of Registration for Industrial Units Processing Environmentally Sound Management Facilities for Reprocessing/ Recycling (Form 5 ) 5) Form for filling Annual Returns & Recorcds On Recylable Hazardous Wastes By The Recyclers ( Form 6) 6) Format for Maintaining Records of Hazardous Waste Imported & Exported. (Form 10) 7) Hazardous Waste Manifest (form13)',	1,	'',	'',	8,	'2022-09-09 16:52:20',	0,	'0000-00-00 00:00:00',	0),
(184,	47,	' Application as per Form  I of Recycled Plastic Manufacturing and Usage ( Amendment) Rules, 2003 for grant of registration to Manufacturing of Plastic carry bags and containers along with copy of registration certificate issued earlier',	1,	'',	'',	8,	'2022-09-09 16:52:20',	0,	'0000-00-00 00:00:00',	0),
(185,	49,	'Application in Form 25 to the Registering Authority not more than sixty days before the date of expiry.',	1,	'',	'',	9,	'2022-09-09 16:56:28',	0,	'0000-00-00 00:00:00',	0),
(186,	50,	'S.S.I Registration Certificate.(True Copy)',	1,	'',	'',	11,	'2022-09-09 16:58:47',	0,	'0000-00-00 00:00:00',	0),
(187,	50,	'Affidavit to be given by the Director/Partner/Owner.',	1,	'',	'',	11,	'2022-09-09 16:58:47',	0,	'0000-00-00 00:00:00',	0),
(188,	50,	'Partnership Deed/ MemorandumArticles of Association.(Signed)',	1,	'',	'',	11,	'2022-09-09 16:58:47',	0,	'0000-00-00 00:00:00',	0),
(189,	50,	'Copy of receipt/Chalan as proof of payment of Registration fee.',	1,	'',	'',	11,	'2022-09-09 16:58:47',	0,	'0000-00-00 00:00:00',	0),
(190,	50,	'LeaseAgreement and Leasers ownership documents. If applicable.',	1,	'',	'',	11,	'2022-09-09 16:58:47',	0,	'0000-00-00 00:00:00',	0),
(191,	50,	'On Company letter by authorized signatory for whatever is not applicable',	1,	'',	'',	11,	'2022-09-09 16:58:47',	0,	'0000-00-00 00:00:00',	0),
(192,	51,	'Filled Application form in prescribed format.',	1,	'',	'',	10,	'2022-09-09 17:00:33',	10,	'2022-09-09 17:04:18',	0),
(193,	51,	' Proof of Ownership: Self Attested copy of any one of following document: i) Registered Sale deed. ii) Registered partition Deed iii) Registered Succession Certificate iv) Registered Heir certificate v) Registered will vi) Certificate of residence issued by area Councilor in case of urban under DMC along with lay out plan',	1,	'',	'',	10,	'2022-09-09 17:00:33',	10,	'2022-09-09 17:04:18',	0),
(194,	51,	' Identity Card.',	1,	'',	'',	10,	'2022-09-09 17:00:33',	10,	'2022-09-09 17:04:18',	0),
(195,	51,	' Copy of approved building Plan',	1,	'',	'',	10,	'2022-09-09 17:00:33',	10,	'2022-09-09 17:04:18',	0),
(196,	51,	' Construction permission from competent authority',	1,	'',	'',	10,	'2022-09-09 17:00:33',	10,	'2022-09-09 17:04:18',	0),
(197,	51,	'Test Certificate from Licensed Electrical Contractor.',	1,	'',	'',	10,	'2022-09-09 17:00:33',	10,	'2022-09-09 17:04:18',	0),
(198,	52,	'Notice in Form BTI to the Registering Authority.',	1,	'',	'',	9,	'2022-09-09 17:00:54',	0,	'0000-00-00 00:00:00',	0),
(199,	52,	'After alteration the registered owner shall submit the certificate of registration and motor vehicle for making necessary entries',	1,	'',	'',	9,	'2022-09-09 17:00:54',	0,	'0000-00-00 00:00:00',	0),
(200,	53,	'Application for assignment of registration marks in Form 27 along with',	1,	'',	'',	9,	'2022-09-09 17:06:41',	0,	'0000-00-00 00:00:00',	0),
(201,	53,	'Proof of residence',	1,	'',	'',	9,	'2022-09-09 17:06:41',	0,	'0000-00-00 00:00:00',	0),
(202,	53,	'Declaration in Form FT',	1,	'',	'',	9,	'2022-09-09 17:06:41',	0,	'0000-00-00 00:00:00',	0),
(203,	53,	'Certificate of insurance',	1,	'',	'',	9,	'2022-09-09 17:06:41',	0,	'0000-00-00 00:00:00',	0),
(204,	53,	'PUC',	1,	'',	'',	9,	'2022-09-09 17:06:41',	0,	'0000-00-00 00:00:00',	0),
(205,	53,	'NOC obtaining from previus RTO.',	1,	'',	'',	9,	'2022-09-09 17:06:41',	0,	'0000-00-00 00:00:00',	0),
(206,	53,	'Form  29-30 or 33 as the case may be.',	1,	'',	'',	9,	'2022-09-09 17:06:41',	0,	'0000-00-00 00:00:00',	0),
(207,	54,	'S.S.I Registration Certificate.(True Copy)',	1,	'',	'',	11,	'2022-09-09 17:08:47',	0,	'0000-00-00 00:00:00',	0),
(208,	54,	'Affidavit to be given by the Director/Partner/Owner.',	1,	'',	'',	11,	'2022-09-09 17:08:47',	0,	'0000-00-00 00:00:00',	0),
(209,	54,	'Partnership Deed/ MemorandumArticles of Association.(Signed)',	1,	'',	'',	11,	'2022-09-09 17:08:47',	0,	'0000-00-00 00:00:00',	0),
(210,	54,	'Copy of receipt/Chalan as proof of payment of Registration fee.',	1,	'',	'',	11,	'2022-09-09 17:08:47',	0,	'0000-00-00 00:00:00',	0),
(211,	54,	'LeaseAgreement and Leasers ownership documents. If applicable.',	1,	'',	'',	11,	'2022-09-09 17:08:47',	0,	'0000-00-00 00:00:00',	0),
(212,	54,	'On Company letter by authorized signatory for whatever is not applicable',	1,	'',	'',	11,	'2022-09-09 17:08:47',	0,	'0000-00-00 00:00:00',	0),
(213,	55,	' Filled Application form',	1,	'',	'',	10,	'2022-09-09 17:11:58',	0,	'0000-00-00 00:00:00',	0),
(214,	55,	'Proof of Ownership: Self Attested copy of any one of following document: i) Registered Sale deed. ii) Registered partition Deed iii) Registered Succession Certificate iv) Registered Heir certificate v) Registered will vi) Certificate of residence issued by area Councilor in case of urban under DMC alongwith lay out plan vii) Certificate of residence issued by Tehsildar in case of rural area not under DMC alongwith lay out plan',	1,	'',	'',	10,	'2022-09-09 17:11:58',	0,	'0000-00-00 00:00:00',	0),
(215,	55,	'Proof Occupancy :- self Attested copy of any one of following document: i) Occupancy Certificate issued by Town Planning Authority. ii) Registered Power of Attorney issued by owner. iii) Latest rent Receipt iv) Lease Deed. v) Rent Agreement vi) Allotment order issued by owner vii) Land revenue receipt in case of agriculture/ irrigation pump set viii) Possession letter',	1,	'',	'',	10,	'2022-09-09 17:11:58',	0,	'0000-00-00 00:00:00',	0),
(216,	55,	'Completion Test Certificate of Electrical installation issued by Licensed Electrical Contractor',	1,	'',	'',	10,	'2022-09-09 17:11:58',	0,	'0000-00-00 00:00:00',	0),
(217,	57,	' New prescribed Application form',	1,	'',	'',	10,	'2022-09-09 17:17:31',	0,	'0000-00-00 00:00:00',	0),
(218,	57,	'NOC from Municipality/ Panchayat',	1,	'',	'',	10,	'2022-09-09 17:17:31',	0,	'0000-00-00 00:00:00',	0),
(219,	57,	'Identity Card.',	1,	'',	'',	10,	'2022-09-09 17:17:31',	0,	'0000-00-00 00:00:00',	0),
(220,	57,	'Test Certificate from Licensed Electrical Contractor.',	1,	'',	'',	10,	'2022-09-09 17:17:31',	0,	'0000-00-00 00:00:00',	0),
(221,	56,	'Form 1,2 & 3 along with the paid challans.',	1,	'',	'',	11,	'2022-09-09 17:17:51',	0,	'0000-00-00 00:00:00',	0),
(222,	56,	'ACopy of the Occupancy Certificate.',	1,	'',	'',	11,	'2022-09-09 17:17:51',	0,	'0000-00-00 00:00:00',	0),
(223,	56,	'Certificate regarding stability of the structure form a qualified structural engineer.',	1,	'',	'',	11,	'2022-09-09 17:17:51',	0,	'0000-00-00 00:00:00',	0),
(224,	56,	'List of safety equipments/ precautionary measures taken on site. (on companys letterhead and signed).',	1,	'',	'',	11,	'2022-09-09 17:17:51',	0,	'0000-00-00 00:00:00',	0),
(225,	56,	'Machinery layout drawing architect approved.',	1,	'',	'',	11,	'2022-09-09 17:17:51',	0,	'0000-00-00 00:00:00',	0),
(226,	56,	'Acopy of the approved plan. (True Copy)',	1,	'',	'',	11,	'2022-09-09 17:17:51',	0,	'0000-00-00 00:00:00',	0),
(227,	56,	'A copy of ON SITE/ OFF SITE PLANS if applicable/ signed statement on companys letterhead that it is not applicable.',	1,	'',	'',	11,	'2022-09-09 17:17:51',	0,	'0000-00-00 00:00:00',	0),
(228,	56,	'Sale Deed/ Agreement for sale/ Lease Agreement if applicable (Regd. True copy/ signed statement on companys letterhead that it is not applicable.)',	1,	'',	'',	11,	'2022-09-09 17:17:51',	0,	'0000-00-00 00:00:00',	0),
(229,	58,	'Form 3 alongwith the paid challans.',	1,	'',	'',	11,	'2022-09-09 17:29:50',	0,	'0000-00-00 00:00:00',	0),
(230,	58,	'Original copy of treasury challan as per the prescribed from the labour department',	1,	'',	'',	11,	'2022-09-09 17:29:50',	0,	'0000-00-00 00:00:00',	0),
(231,	58,	'Original certificate of registration under S &E, act.',	1,	'',	'',	11,	'2022-09-09 17:29:50',	0,	'0000-00-00 00:00:00',	0),
(232,	59,	'Application in Form 29 (in duplicate) and 30 (in duplicate if the vehicle in held under hypothecation) along with',	1,	'',	'',	9,	'2022-09-09 17:54:44',	0,	'0000-00-00 00:00:00',	0),
(233,	59,	'Certificate of Registration.',	1,	'',	'',	9,	'2022-09-09 17:54:44',	0,	'0000-00-00 00:00:00',	0),
(234,	59,	'Certificate of Insurance.',	1,	'',	'',	9,	'2022-09-09 17:54:44',	0,	'0000-00-00 00:00:00',	0),
(235,	59,	'Proof of Residence',	1,	'',	'',	9,	'2022-09-09 17:54:44',	0,	'0000-00-00 00:00:00',	0),
(236,	59,	'Valid PUC Certificate.',	1,	'',	'',	9,	'2022-09-09 17:54:44',	0,	'0000-00-00 00:00:00',	0),
(237,	60,	'Certification of registration',	1,	'',	'',	9,	'2022-09-09 18:01:29',	0,	'0000-00-00 00:00:00',	0),
(238,	60,	'Copy of the certificate of insurance',	1,	'',	'',	9,	'2022-09-09 18:01:29',	0,	'0000-00-00 00:00:00',	0),
(239,	60,	'Evidence of payment of motor vehicle tax  upto date',	1,	'',	'',	9,	'2022-09-09 18:01:29',	0,	'0000-00-00 00:00:00',	0),
(240,	60,	'Valid PUC Certificate',	1,	'',	'',	9,	'2022-09-09 18:01:29',	0,	'0000-00-00 00:00:00',	0),
(241,	60,	'In case of a transport vehicle, in addition of the above documents documentary evidence may be furnished : That the vehicle is not covered by any permit',	1,	'',	'',	9,	'2022-09-09 18:01:29',	0,	'0000-00-00 00:00:00',	0),
(242,	60,	'Sum of money agreed upon to be paid by the holder of the permit inder sub-section(5) and (6) of Section 86, if any no pending recovery',	1,	'',	'',	9,	'2022-09-09 18:01:29',	0,	'0000-00-00 00:00:00',	0),
(243,	60,	'Evidenceof payment to tax on passenger and goods',	1,	'',	'',	9,	'2022-09-09 18:01:29',	0,	'0000-00-00 00:00:00',	0);

DROP TABLE IF EXISTS `service_sas_doc`;
CREATE TABLE `service_sas_doc` (
  `service_sas_doc_id` int(11) NOT NULL AUTO_INCREMENT,
  `service_id` int(11) NOT NULL,
  `doc_name` text NOT NULL,
  `document` varchar(100) NOT NULL,
  `created_by` int(11) NOT NULL,
  `created_time` datetime NOT NULL,
  `updated_by` int(11) NOT NULL,
  `updated_time` datetime NOT NULL,
  `is_delete` tinyint(1) NOT NULL,
  PRIMARY KEY (`service_sas_doc_id`)
) ENGINE=InnoDB DEFAULT CHARSET=utf8;

INSERT INTO `service_sas_doc` (`service_sas_doc_id`, `service_id`, `doc_name`, `document`, `created_by`, `created_time`, `updated_by`, `updated_time`, `is_delete`) VALUES
(1,	1,	'',	'',	2,	'2022-07-18 12:01:29',	2,	'2022-07-18 12:07:58',	1),
(2,	1,	'',	'',	2,	'2022-07-18 12:01:40',	2,	'2022-07-18 12:07:59',	1),
(3,	3,	'Renewal of License',	'sas_doc_3656961658554560.pdf',	3,	'2022-07-23 11:06:00',	3,	'2022-07-23 15:02:43',	0),
(4,	4,	'Label Registration',	'sas_doc_9971841658555085.pdf',	3,	'2022-07-23 11:14:45',	3,	'2022-07-23 15:02:52',	0),
(5,	5,	'Occasional License',	'sas_doc_9003971658555730.pdf',	3,	'2022-07-23 11:25:30',	3,	'2022-07-23 15:03:02',	0),
(6,	6,	'Import Permit by Wholesalers',	'sas_doc_8321591658568549.pdf',	3,	'2022-07-23 14:59:09',	3,	'2022-07-23 15:03:12',	0),
(7,	7,	'Import Permit (Spirit) for Distillery/Industries',	'sas_doc_2597201658568734.pdf',	3,	'2022-07-23 15:02:14',	3,	'2022-07-23 15:03:19',	0),
(8,	8,	'Export Permit (IMFL/Country Liquor/Beer) for Disti',	'sas_doc_2603911658568923.pdf',	3,	'2022-07-23 15:05:23',	3,	'2022-07-23 15:05:28',	0),
(9,	9,	'Export Permit (Spirit) for Distillery',	'sas_doc_9534511658569119.pdf',	3,	'2022-07-23 15:08:39',	3,	'2022-07-23 15:08:49',	0),
(10,	10,	'Local Transport Permit- Distillery/Brewery',	'sas_doc_5956951658569319.pdf',	3,	'2022-07-23 15:11:59',	3,	'2022-07-23 15:12:06',	0),
(11,	11,	'Local Transport Permit- Wholesaler',	'sas_doc_3834231658569434.pdf',	3,	'2022-07-23 15:13:55',	3,	'2022-07-23 15:14:09',	0);

-- 2022-09-10 06:02:24
